,artist,song_name,spotify_track_id
0,Ariana Grande,Santa Tell Me,0lizgQ7Qw35od7CYaoMBZb
1,J. Cole,No Role Modelz,68Dni7IE4VyPkTOH9mRWHr
2,Steve Lacy,Dark Red,3EaJDYHA0KnX88JvDhL9oa
3,Kelly Clarkson,Underneath the Tree,3YZE5qDV7u1ZD1gZc47ZeR
4,The Weeknd,Die For You,2Ch7LmS7r2Gy2kc64wv3Bz
5,Beach House,Space Song,7H0ya83CMmgFcOhw0UB6ow
6,XXXTENTACION,Revenge,5TXDeTFVRVY7Cvt0Dw4vWW
7,Arctic Monkeys,I Wanna Be Yours,5XeFesFbtLpXzIVDNQP22n
8,Kanye West,Bound 2,3sNVsP50132BTNlImLx70i
9,Cigarettes After Sex,Apocalypse,3AVrVz5rK8Hrqo9YGiVGN5
10,The Weeknd,Die For You,2LBqCSwhJGcFQeTHMVGwy3
11,J. Cole,Wet Dreamz,4tqcoej1zPvwePZCzuAjJd
12,Frank Ocean,Pink + White,3xKsf9qdS1CyvXSMEid6g8
13,The Weeknd,I Was Never There,1cKHdTo9u0ZymJdPGSh6nq
14,Childish Gambino,Me and Your Mama,4AFsRbaLKRWo3dDtjDFA2V
15,Juice WRLD,All Girls Are The Same,4VXIryQMWpIdGgYR4TrjT1
16,The Walters,I Love You So,4SqWKzw0CbA05TGszDgMlc
17,Lil Baby,Freestyle,5BbdKBZO0TH0GhfxUfyhL9
18,Beach Weather,"Sex, Drugs, Etc.",7DbdUf8aHSYoliSjO6LZv6
19,Lil Uzi Vert,20 Min,0uxSUdBrJy9Un0EYoBowng
20,Sia,Snowman,7uoFMmxln0GPXQ0AcCBXRq
21,Lil Peep,Star Shopping,6Ox1rvlwEpB49drasQm6RF
22,Joji,SLOW DANCING IN THE DARK,0rKtyWc8bvkriBthvHKY8d
23,TV Girl,Lovers Rock,6dBUzqjtbnIa1TwYbyw5CM
24,Lil Baby,Pure Cocaine,577YBGuskWkVDCxZrLRB4v
25,Mr.Kitty,After Dark,2LKOHdMsL0K9KwcPRlJK2v
26,Chris Stapleton,Tennessee Whiskey,3fqwjXwUGN6vbzIwvyFMhx
27,Taylor Swift,Don’t Blame Me,1R0a2iXumgCiFb7HEZ7gUE
28,Future,Solo,4lH6nENd1y81jp7Yt9lTBX
29,Tyler Childers,Feathered Indians,2tgQaL85WoRfgEa4hFQgrE
30,Kendrick Lamar,LOVE. FEAT. ZACARI.,6PGoSes0D9eUDeeAafB2As
31,Lord Huron,The Night We Met,0QZ5yyl6B6utIWkxeBDxQN
32,White Noise Baby Sleep,Clean White Noise - Loopable with no fade,2bRKxuH1o7pTmb1y4GfdEc
33,Kanye West,Father Stretch My Hands Pt. 1,4KW1lqgSr8TKrvBII0Brf8
34,TV Girl,Not Allowed,3IznIgmXtrUaoPWpQTy5jB
35,Vundabar,Alien Blues,11iIikXxC6NP0Ma8vMD27x
36,21 Savage,ball w/o you,50a8bKqlwDEqeiEknrzkTO
37,Arctic Monkeys,Why'd You Only Call Me When You're High?,086myS9r57YsLbJpU0TgK9
38,Billie Eilish,lovely (with Khalid),0u2P5u6lvoDfwTYjAADbn4
39,Mac DeMarco,Chamber Of Reflection,7H7NyZ3G075GqPx2evsfeb
40,The Neighbourhood,Daddy Issues,5E30LdtzQTGqRvNd7l6kG5
41,$uicideboy$,Antarctica,5UGAXwbA17bUC0K9uquGY2
42,Mac DeMarco,For the First Time,2R4AlwtrrkMaRKojcTIzmL
43,The Weeknd,Stargirl Interlude,5gDWsRxpJ2lZAffh5p7K0w
44,XXXTENTACION,Everybody Dies In Their Nightmares,3GVkPk8mqxz0itaAriG1L7
45,Vacations,Telephones,0JIMT9gzLIIz0esKLyjbKf
46,A Boogie Wit da Hoodie,My Shit,5uQOauh47VFt3B2kV9kRXw
47,Ruth B.,Dandelions,2eAvDnpXP5W0cVtiI0PUxV
48,SZA,Broken Clocks,2fXwCWkh6YG5zU1IyvQrbs
49,XXXTENTACION,Jocelyn Flores,7m9OqQk4RVRkw9JJdeAw96
50,Kendrick Lamar,PRIDE.,6IZvVAP7VPPnsGX6bvgkqg
51,XXXTENTACION,Hope,2ZRo7axmMPeSVUvDbGkJah
52,Tyler Childers,Lady May,3t5OV1asJHmOlf23T08CLv
53,girl in red,we fell in love in october,6IPwKM3fUUzlElbvKw2sKl
54,Vacations,Young,1KIJclzEbNhSVw8tiHPWwE
55,The Neighbourhood,Softcore,2K7xn816oNHJZ0aVqdQsha
56,XXXTENTACION,Fuck Love (feat. Trippie Redd),7AQim7LbvFVZJE3O8TYgf2
57,Tame Impala,The Less I Know The Better,6K4t31amVTZDgR3sKmwUJJ
58,Juice WRLD,Lean Wit Me,3oDkdAySo1VQQG0ptV7uwa
59,Cigarettes After Sex,Sunsetz,69UqtTHfUKAJweQwEStRzC
60,TV Girl,Cigarettes out the Window,6QeYSvYqYUsfBzsApbjDHO
61,Metro Boomin,10 Freaky Girls (with 21 Savage),0AluA5RNsa4Cx6XRhf2hWZ
62,$uicideboy$,Kill Yourself (Part III),0kEZlJh4mK1QRfb3CT5LPk
63,80purppp,Hex,7D7e6hm2LiNd6nLuJF6K9Q
64,The Neighbourhood,You Get Me So High,7zwn1eykZtZ5LODrf7c0tS
65,Cage The Elephant,Cigarette Daydreams,2tznHmp70DxMyr2XhWLOW0
66,Mitski,Washing Machine Heart,3jjsRKEsF42ccXf8kWR3nu
67,Kendrick Lamar,Alright,3iVcZ5G6tvkXZkZKlMpIUs
68,Luke Combs,When It Rains It Pours,1mMLMZYXkMueg65jRRWG1l
69,Drake,Teenage Fever,6n3HGiq4v35D6eFOSwqYuo
70,Kali Uchis,Melting,2kSb3wYSOV996xA2NSmpck
71,Arctic Monkeys,Do I Wanna Know?,5FVd6KXrgO9B3JPmC8OPst
72,Joey Bada$$,Love Is Only a Feeling,7umZiitjVsEjMQ6HNddpUI
73,Metro Boomin,Space Cadet (feat. Gunna),1fewSx2d5KIZ04wsooEBOz
74,Michael Jackson,Chicago,5BKKy9fIJL5uM9fz1SnqyP
75,Playboi Carti,Shoota (feat. Lil Uzi Vert),2BJSMvOGABRxokHKB0OI8i
76,The Lumineers,Ophelia,3d8y0t70g7hw2FOWl9Z4Fm
77,Sam Smith,Have Yourself A Merry Little Christmas,1Qi2wh8fFgDV7tl4Sj3f2K
78,Kanye West,Violent Crimes,3s7MCdXyWmwjdcWh7GWXas
79,Frank Ocean,Ivy,2ZWlPOoWh0626oTaHrnl2a
80,Childish Gambino,3005,5cc9Zbfp9u10sfJeKZ3h16
81,A Boogie Wit da Hoodie,Still Think About You,2FTeQQ5Rg9tBpgpTF5mnhE
82,Juice WRLD,Armed And Dangerous,5wujBwqG7INdStqGd4tRMX
83,Steve Lacy,C U Girl,6FBzhcfgGacfXF3AmtfEaX
84,Daniel Caesar,Get You (feat. Kali Uchis),7zFXmv6vqI4qOt4yGf3jYZ
85,$uicideboy$,Paris,6tO5bxNnMuh1c3cziSpecA
86,Luke Combs,She Got the Best of Me,698eQRku24PIYPQPHItKlA
87,Idina Menzel,Baby It's Cold Outside (with Michael Bublé),0Ie5uiv54KgCr7P4sYDTHl
88,Mac Miller,Self Care,5bJ1DrEM4hNCafcDd1oxHx
89,Cigarettes After Sex,K.,7LX4aXtvImhdgUHQBlo8Kp
90,The Weeknd,Party Monster,4F7A0DXBrmUAkp32uenhZt
91,WILLOW,Wait a Minute!,0y60itmpH0aPKsFiGxmtnh
92,Cults,Always Forever,2enPRFda84VE2wtI8c86Uf
93,Travis Scott,90210 (feat. Kacy Hill),51EC3I1nQXpec4gDk0mQyP
94,Joy Again,Looking Out for You,3jfZ9M23l0L7RxzYMTgBTv
95,Tom Odell,Another Love,3JvKfv6T31zO0ini8iNItO
96,Steve Lacy,Some,4riDfclV7kPDT9D58FpmHd
97,Gwen Stefani,You Make It Feel Like Christmas (feat. Blake Shelton),2OQ6a4CfUeYskpTTgyawyJ
98,Trippie Redd,Taking A Walk,4mHgYpuGHu99Mw69E83CP2
99,Trippie Redd,1400 / 999 Freestyle,75lcPkAkUsKWHGBlGM476R
100,BØRNS,Electric Love,2GiJYvgVaD2HtM8GqD9EgQ
101,Bing Crosby,Winter Wonderland - Remastered,3pdQTWpq09XCBosbTtYIiZ
102,Frank Ocean,Nights,7eqoqGkKwgOaWNNHx90uEZ
103,Mac Miller,Small Worlds,4gT3mNJA8lnlkYFqGZ8IA2
104,Tyler Childers,Shake the Frost (Live),19MkwMrRjO7773zpuGss1o
105,Kodak Black,No Flockin',34oWbFBfGEElvgO0a5c9V4
106,Brent Faiyaz,Trust,0oufSLnKQDoBFX5mgkDCgR
107,Seafret,Atlantis,1Fid2jjqsHViMX6xNH70hE
108,Vansire,From the Subway Train,0qOCy2LqvdkMora7eZsJhQ
109,Mac Miller,Weekend (feat. Miguel),6GnhWMhgJb7uyiiPEiEkDA
110,Ty Dolla $ign,"Or Nah (feat. The Weeknd, Wiz Khalifa & DJ Mustard) - Remix",7t2bFihaDvhIrd2gn2CWJO
111,Pentatonix,Hallelujah,0HZk0QsXPhMNAWNDR3rYE8
112,$uicideboy$,For the Last Time,240audWazVjwvwh7XwfSZE
113,The Weeknd,Often,4PhsKqMdgMEUSstTDAmMpg
114,Lil Peep,Falling Down - Bonus Track,4jvjzW7Hm0yK4LvvE0Paz9
115,Kali Uchis,"After The Storm (feat. Tyler, The Creator & Bootsy Collins)",1otG6j1WHNvl9WgXLWkHTo
116,Sia,Unstoppable,1yvMUkIOTeUNtNWlWRgANS
117,Billie Eilish,Bored,04sN26COy28wTXYj3dMoiZ
118,A Boogie Wit da Hoodie,Jungle,5uZm7EFtP5aoTJvx5gv9Xf
119,Young Nudy,EA (feat. 21 Savage),68MTDH8Kk4jBEV1ah0n89s
120,Tom Odell,Another Love,7otCGmgp9h4CsR2LhwB6gt
121,Lil Uzi Vert,Money Longer,0B8QzDH7YWih85V5SEMnyJ
122,Bing Crosby,It's Beginning To Look A Lot Like Christmas,1uh1iaMqBdx4XyrXhssKGD
123,MGMT,Little Dark Age,2Y0iGXY6m6immVb2ktbseM
124,Lil Baby,Life Goes On,2bSk87AVkCIIC3Bcligq1z
125,$uicideboy$,Runnin' Thru the 7th with My Woadies,1tm7c4V0kqLiN0XPVnoUcT
126,Lil Peep,white tee,4TVsTKQVeC99tCjfRKLeob
127,GoldLink,Crew (feat. Brent Faiyaz & Shy Glizzy),15EPc80XuFrb2LmOzGjuRg
128,Jhené Aiko,Sativa,2pg2TiYo9Rb8KeB5JjP7jS
129,Lana Del Rey,Young And Beautiful,2nMeu6UenVvwUktBCpLMK9
130,Lorde,Ribs,2MvvoeRt8NcOXWESkxWn3g
131,The Weeknd,Can't Feel My Face,22VdIZQfgXJea34mQxlt81
132,Summer Walker,Girls Need Love (with Drake) - Remix,14SaZBTjxlorHJQxXh01Hu
133,Panic! At The Disco,House of Memories,2DgdHcjWmO3qd50RzuBLgZ
134,Chase Atlantic,Swim,3M0lSi5WW79CXQamgSBIjx
135,Ski Mask The Slump God,Nuketown (feat. Juice WRLD),74lnM5V6ecvoTPV0fvptx9
136,J. Cole,Love Yourz,2e3Ea0o24lReQFR4FA7yXH
137,Rainbow Kitten Surprise,It's Called: Freefall,474uVhyGgK5MtY9gMcDgGl
138,Joji,YEAH RIGHT,1VGzxJnVQND7Cg5H5wGj14
139,Playboi Carti,Fell In Luv (feat. Bryson Tiller),1s9DTymg5UQrdorZf43JQm
140,The Weeknd,Stargirl Interlude,4EDijkJdHBZZ0GwJ12iTAj
141,Brent Faiyaz,Poison,5NijSs5dAwaIybq1GaRTIe
142,$uicideboy$,My Flaws Burn Through My Skin Like Demonic Flames from Hell,6QFQqqYye5lAcnhCALvxKJ
143,Morgan Wallen,The Way I Talk,21LRaD9rB3v7p7DDCZsW4y
144,Ariana Grande,Santa Baby,6YJdPrH3i2POzu7hdHIRrb
145,Frank Ocean,Chanel,6Nle9hKrkL1wQpwNfEkxjh
146,Taylor Swift,Getaway Car,0VE4kBnHJUgtMf0dy6DRmW
147,Rob $tone,Chill Bill (feat. J. Davi$ & Spooks),5uDASfU19gDxSjW8cnCaBp
148,Morgan Wallen,Spin You Around,1yj1ZztSGITJ5Nf4mfH92c
149,Joji,worldstar money (interlude),0baNzeUcPQnQSagpe8T0mD
150,Ricky Montgomery,Mr Loverman,2IVsRhKrx8hlQBOWy4qebo
151,Tame Impala,Eventually,5M4yti0QxgqJieUYaEXcpw
152,Beach Bunny,Prom Queen,6MpCaSIOfqBqbMED4kXgNY
153,Kanye West,Ghost Town,7vgTNTaEz3CsBZ1N4YQalM
154,ScHoolboy Q,Collard Greens,0zO8ctW0UiuOefR87OeJOZ
155,Frank Ocean,White Ferrari,2LMkwUfqC6S6s6qDVlEuzV
156,Playboi Carti,R.I.P.,3L0IKstjUgDFVQAbQIRZRv
157,Milky Chance,Stolen Dance,6vECYJHxYmm3Ydt3fF01pE
158,Ski Mask The Slump God,Faucet Failure,1ThmUihH9dF8EV08ku5AXN
159,Thundercat,Them Changes,7CH99b2i1TXS5P8UUyWtnM
160,Lil Uzi Vert,Erase Your Social,4uhvMW7ly7tJil31YYscAN
161,Declan McKenna,Brazil,4sNG6zQBmtq7M8aeeKJRMQ
162,Jon Pardi,Night Shift,0bPnT6i9H1p8Vd85GS6Z7I
163,Khalid,Location,152lZdxL1OR0ZMW6KquMif
164,Avicii,The Nights,0ct6r3EGTcMLPtrXHDvVjc
165,Fitz and The Tantrums,Out of My League,2AYEOC02WLhUiOoaig2SEH
166,Daniel Caesar,Best Part (feat. H.E.R.),1RMJOxR6GRPsBHL8qeC2ux
167,Justine Skye,Collide (feat. Tyga),22I3h5AOENlH4CqXJsEbFR
168,Katy Perry,Cozy Little Christmas,02FaKXXL7KUtRc7K0k54tL
169,Big Sean,Beware,6bxUnsSGZCmoHHU5auwtps
170,Russ,Losin Control,4cxMGhkinTocPSVVKWIw0d
171,XXXTENTACION,I Don't Wanna Do This Anymore,5de9Ho64dovuQI8Uhn5gPD
172,Mitski,First Love/Late Spring,3sslYZcFKtUvIEWN9lADgr
173,Marshmello,Happier,2dpaYNEQHiRxtZbfNsse99
174,Kali Uchis,Dead To Me,6LOZws7T3jqZz78unPgFF9
175,Louis Armstrong,Cool Yule,2QWKbE6GpWhRtlbRwcP7g8
176,Bryson Tiller,Right My Wrongs,5rgrBsAFYMun6yhtnLKRPz
177,Nitty Gritty Dirt Band,Fishing In The Dark,3i5QyEUyXa9Y7lIklr5sWk
178,Jon Pardi,Head Over Boots,4ly1QBXEwYoDmje9rmEgC4
179,Kay Starr,(Everybody's Waitin' For) The Man With The Bag,7azp0ySqPkkXHi9M9aeg3T
180,Leona Lewis,One More Sleep,78pn8k7RogKo2oxl0DyX6d
181,The Living Tombstone,My Ordinary Life,6tMdpUXfT70TD6Eh3XfB1p
182,Lana Del Rey,West Coast,5Y6nVaayzitvsD5F7nr3DV
183,Alec Benjamin,Let Me Down Slowly,2qxmye6gAegTMjLKEBoR3d
184,Summer Walker,Deep,3LfHBTYZBTqmz43tvVXJBd
185,salvia palth,i was all over her,7svpAkwc6xaSxlbZ7V7JiS
186,Juice WRLD,Hurt Me,3XRQT7EoS4U87rUuJwg5P3
187,Post Malone,Go Flex,5yuShbu70mtHXY0yLzCQLQ
188,Tyler Childers,Nose On The Grindstone (OurVinyl Sessions),4a2uqVlpRChHj32EjJLu7G
189,Drake,Feel No Ways,3cjF2OFRmip8spwZYQRKxP
190,Cody Johnson,Me and My Kind,4rW9EUFaMSNVY8JhbqrB6z
191,Travis Scott,5% TINT,11kDth1aKUEUMq9r1pqyds
192,Phoebe Bridgers,Motion Sickness,5xo8RrjJ9CVNrtRg2S3B1R
193,A$AP Rocky,Sundress,2aPTvyE09vUCRwVvj0I8WK
194,SZA,Normal Girl,5fQBa4wkmq28xpSLOQ202K
195,J. Cole,Kevin’s Heart,6tZ3b7ik1QDXFAZlXib0YZ
196,Still Woozy,Goodie Bag,4vHNeBWDQpVCmGbaccrRzi
197,Cage The Elephant,Come a Little Closer,4sebUbjqbcgDSwG6PbSGI0
198,Ski Mask The Slump God,Unbothered,5hwUsRKvnO5yThjVrxHQVt
199,Cavetown,Devil Town,0vf2eBw2inhl8y61cYQMv2
200,Young Money,Trophies,6HfOzLLjsaXsehIFEsrxTk
201,Polo G,Neva Cared,3UnYMo1aeD0o8VtHy3R8cs
202,Jessie J,Man With The Bag,2Ysi49tRdVH74d1Cnc4o94
203,Summer Walker,Karma,2Fyjjpg03fn7n5cj0Qm380
204,Pentatonix,"Mary, Did You Know?",4z8sz6E4YyFuEkv5o7IJni
205,XXXTENTACION,the remedy for a broken heart (why am I so in love),4UKCKdYiLN6IMA5ZESUTL7
206,Jon Pardi,Heartache On The Dance Floor,0w3Q14i073jLoew1hgJkwD
207,Big Sean,I Don't Fuck With You,7FYH5AW3bVfZHJIQpq3UOA
208,Lil Baby,Ready (feat. Gunna),4F6yN5FsFW10Ucx7cLCzBh
209,Zedd,The Middle,09IStsImFySgyp0pIQdqAc
210,Freddie Dredd,GTG,46M2hXnaQpueG7vSvgVtVH
211,Kodak Black,Transportin',1WIZiOuNO3woKfdlSK2gNn
212,A$AP Rocky,Praise The Lord (Da Shine) (feat. Skepta),7ycWLEP1GsNjVvcjawXz3z
213,Cigarettes After Sex,Sweet,3VSYkAf6f46i5ZkXOHORq1
214,Juice WRLD,Hide (feat. Seezyn),6rz0dTA0PdhXImFV5EjM0w
215,Big Sean,I Know,6rje9f1wRFJDO2iTORw0lH
216,Gunna,Drip or Drown,6ZthdsKjWtiCxnxbhs74vF
217,Billie Eilish,idontwannabeyouanymore,41zXlQxzTi6cGAjpOXyLYH
218,Colter Wall,Sleeping on the Blacktop,3Ozx6IrGdoQyAworJzvBDE
219,Arctic Monkeys,R U Mine?,2AT8iROs4FQueDv2c8q2KE
220,Adele,Love In The Dark,7B5Npv8NjjTCzk8PLpU66h
221,Paloma Faith,Only Love Can Hurt Like This,62ke5zFUJN6RvtXZgVH0F8
222,Marshmello,Silence,7vGuf3Y35N4wmASOKLUVVU
223,XXXTENTACION,YuNg BrAtZ,2ooF4088y5L72c4YTEJQoB
224,Rihanna,Woo,3HQcsqRjRdruUjkbDSgmVF
225,Mitski,Francis Forever,5411TEB6tlzvuF5A4oyldr
226,Mac Miller,Congratulations (feat. Bilal),1OubIZ0ARYCUq5kceYUQiO
227,Daniel Caesar,Japanese Denim,1boXOL0ua7N2iCOUVI1p9F
228,Metro Boomin,Overdue (with Travis Scott),6LyAwkJsHlW7RQ8S1cYAtM
229,Playboi Carti,Long Time - Intro,4IO2X2YoXoUMv0M2rwomLC
230,Juice WRLD,Black & White,1fCeXjoRExPP2qwSBh2aST
231,The Paper Kites,Bloom - Bonus Track,1HMQmOWrkieKYWlFsjUP3D
232,03 Greedo,Substance,0MoQI1EZGSHLhd5UBdxPol
233,Alec Benjamin,Water Fountain,4IhKLu7Vk3j2TLmnFPl6To
234,Brett Eldredge,"Baby, It's Cold Outside (feat. Meghan Trainor)",5Q2P43CJra0uRAogjHyJDK
235,Bring Me The Horizon,Can You Feel My Heart,0WSa1sucoNRcEeULlZVQXj
236,Tee Grizzley,First Day Out,3muBQDekYAg7jm6hDu6R0Z
237,Morgan Wallen,Talkin' Tennessee,7szRiHu6r91o2Po9GTPN4c
238,Ricky Montgomery,Line Without a Hook,5NvOZCjZaGGGL597exlQWv
239,Lil Peep,Save That Shit,64PgpLHuQK3UJ5qZ875Vei
240,The Lumineers,Cleopatra,2ToW7zhGCrVrLU4fiKj9U1
241,Niall Horan,This Town,0qvzXomUDJVaUboy2wMfiS
242,Chris Stapleton,Broken Halos,06gD2ZtK3Dzc1BYqWExQJJ
243,J. Cole,Neighbors,0utlOiJy2weVl9WTkcEWHy
244,21 Savage,No Heart,4gmmRb6bZJffOOiww1JGTO
245,Tom Rosenthal,Lights Are On,4IhTXiZLKATmwhMZIb1GQN
246,Dominic Fike,Babydoll,7yNf9YjeO5JXUE3JEBgnYc
247,Lil Peep,beamer boy,16dlDlLW9Uv8lmIUvAXAjG
248,Rae Sremmurd,Come Get Her,1Ser4X0TKttOvo8bgdytTP
249,Tay-K,I <3 My Choppa,0Dk9lP1YnOqssHH0oCeq9u
250,Sufjan Stevens,Fourth of July,5Qnrgqy1pAm9GyNQOgyVFz
251,Maroon 5,Sugar,2iuZJX9X9P0GKaE93xcPjk
252,Post Malone,Feeling Whitney,35r28RDot7nPE7y9K9H7l0
253,SZA,Supermodel,5wTVNpi5WDByxBgKgUE6MU
254,Drake,Do Not Disturb,2KvHC9z14GSl4YpkNMX384
255,MC L da Vinte,Parado no Bailão,3Hb9kUdm4yf839Fle4RIdT
256,Jon Pardi,Dirt On My Boots,7f08qp3HROTkfrtNpiYGGo
257,Post Malone,Candy Paint,32lItqlMi4LBhb4k0BaSaC
258,Mac DeMarco,Watching Him Fade Away,2QzKAF0y1BQhxwg8N05Uog
259,Idina Menzel,"Let It Go - From ""Frozen""/Soundtrack Version",0qcr5FMsEO85NAQjrlDRKo
260,SZA,Drew Barrymore,06u5LrUpbosQlQ1QJFhPpG
261,Khalid,8TEEN,5bgwqaRSS3M8WHWruHgSL5
262,Tay-K,M.... She Wrote,1WRzux3cJRM9xRNN99QKgR
263,Kodak Black,Roll in Peace (feat. XXXTENTACION),40oKW22ZNNkEdZLJTScaQI
264,Mitski,Nobody,2P5yIMu2DNeMXTyOANKS6k
265,Tee Grizzley,From The D To The A (feat. Lil Yachty),2NyrXRn4tancYPW6JwtTl2
266,Playboi Carti,wokeuplikethis*,59J5nzL1KniFHnU120dQzt
267,Hozier,Like Real People Do,57V4uc2b2diZ4RPHXWecb9
268,The Weeknd,Acquainted,7uJH0YdSZL6psjxI6Xy08b
269,Mitski,Me and My Husband,3pANfZVFdtuVnJsE6xa5Ox
270,Tyler Childers,Whitehouse Road,0fbR95FEaJUxiQYaqZZukv
271,Ariana Grande,Last Christmas,5xDrO9DEDJGUQGfyoHvgDJ
272,Lil Uzi Vert,Neon Guts (feat. Pharrell Williams),1MJErNPIQUoEMu4YUUmecm
273,Post Malone,Psycho (feat. Ty Dolla $ign),3swc6WTsr7rl9DqQKQA55C
274,Xavier Wulf,Psycho Pass,3kZAm2TC74lBJFPDoV40Qc
275,Her's,What Once Was,1XrSjpNe49IiygZfzb74pk
276,Tyler Childers,Follow You To Virgie (OurVinyl Sessions),4Oz6xl8qhJTdjYZeT98V4m
277,WILLIS,I Think I Like When It Rains,5S5u0EWtlblH00iTNExZ6X
278,Key Glock,Russian Cream,03ThZweiBWFP8tOGsk6QMO
279,BONES,HDMI,7I4ibsZgwuf46g0xHuTC8s
280,Kanye West,All Mine,3U21A07gAloCc4P7J8rxcn
281,Frank Ocean,Self Control,5GUYJTQap5F3RDQiCOJhrS
282,Drake,Jungle,7JXZq0JgG2zTrSOAgY8VMC
283,NF,Lie,07FkzikE6FuHIa8Ma7zJGc
284,Pastel Ghost,Dark Beach,5QmdK8QFbY8TLVKPuJzexD
285,Chord Overstreet,Hold On,5vjLSffimiIP26QG5WcN2K
286,Kodaline,All I Want,0NlGoUyOJSuSHmngoibVAs
287,$uicideboy$,Carrollton,2XSrt1dcuOXPgl3B4bxmBz
288,Crafting Audio,Cabin Noise Focus,3kxUcpFquT4ZdvJC1Nyu5q
289,Chase Atlantic,Consume (feat. Goon Des Garcons),0X2bh8NVQ8svDQIn2AdCbW
290,Mild High Club,Homage,7DcJ6fEBb7BaKuYKTwiDxK
291,Mac DeMarco,Moonlight on the River,2fhOljbX79loRcdl47SFye
292,The Neighbourhood,Reflections,2xql0pid3EUwW38AsywxhV
293,Kina,Get You The Moon (feat. Snøw),4ZLzoOkj0MPWrTLvooIuaa
294,Future,Fine China,5274I4mUMnYczyeXkGDWZN
295,Melanie Martinez,Pacify Her,360Wr96ywrCQq4kTAJ8Pq6
296,Current Joys,Blondie,7sIx70dGj3VBiHWr0KZXfD
297,J. Cole,G.O.M.D,0Thqjtu54vKMP06pwZkAWp
298,The 1975,Somebody Else,5hc71nKsUgtwQ3z52KEKQk
299,Meghan Trainor,NO,0l0CvurVUrr2w3Jj1hOVFc
300,Chase Atlantic,Into It,4HwDCXsMBC7SUdp2WT4MZP
301,Avenged Sevenfold,Hail to the King,5anCkDvJ17aznvK5TED5uo
302,Mac Miller,Come Back to Earth,01z2fBGB8Hl3Jd3zXe4IXR
303,The Lumineers,Sleep On The Floor,5MMZJtHOiH1RmQSSe3DJdg
304,Sia,Santa's Coming for Us,1N1ZpYUJc9fwrqk53FGgWv
305,Aminé,REEL IT IN,5qHirGR7M9tdm6C17DlzSY
306,Clairo,Flaming Hot Cheetos,1F6IbA7di42uPc3cff8PXV
307,Bad Bunny,Si Estuviésemos Juntos,35wvL50xvKpCHEJPxLOLPI
308,$uicideboy$,2nd Hand,3YeQsJs1FdLI3w0BqWwpmk
309,James Arthur,Train Wreck,55Am8neGJkdj2ADaM3aw5H
310,Billie Eilish,watch,7eB1V5LvAdxCc7brfGhRRo
311,Wiz Khalifa,See You Again (feat. Charlie Puth),2JzZzZUQj3Qff7wapcbKjc
312,NF,If You Want Love,3i5qVV8azKqGFK4Gzdt5YS
313,Calum Scott,Dancing On My Own,2BOqDYLOJBiMOXShCV1neZ
314,Cody Fry,I Hear a Symphony,4ZHGRFGwjnEIXHG2FhcDPv
315,SZA,Garden (Say It Like Dat),19woxaSpjOefa2JnAOoqW5
316,Justin Bieber,Sorry,09CtPGIpYB4BrO8qb1RGsF
317,Auli'i Cravalho,How Far I'll Go,6mb6lVLNrcUgLnEN8QnDJd
318,Lil Yachty,Yacht Club (feat. Juice WRLD),5R2rsbwCDXORX2tLfprRmM
319,YNW Melly,772 Love,230wNo1dnexltKYQbsW7oD
320,Doja Cat,Wine Pon You (feat. Konshens),2s4AcE9n80mSHl87lp4gIm
321,Lonely God,Marlboro Nights,755inykyaG4w22GWAsA3MX
322,"Tyler, The Creator",911 / Mr. Lonely (feat. Frank Ocean & Steve Lacy),4bEcoz1OcfMgUbp2ft8ieQ
323,Granular,White Noise - 145 hz,6H4B9gJD6eQlNoEh8q85pP
324,6LACK,Pretty Little Fears (feat. J. Cole),4at3d5QWnlibMVN75ECDrp
325,Cuco,Lover Is a Day,1ucnuV88gFTfR3BalmznDk
326,Post Malone,Stay,4H7WNRErSbONkM06blBoGc
327,Ski Mask The Slump God,Take A Step Back,2gQYziDV5cSTRSqr6akzi5
328,XXXTENTACION,RIP Roach,658I1uDnmLSiltFCf98AWE
329,Lana Del Rey,The Other Woman,1KuVEZR4xuQVNr1KkanAV4
330,Mt. Joy,Silver Lining,0i5QVxsK3IvEDbUjTA64Li
331,Social House,Magic In The Hamptons (feat. Lil Yachty),2Yer0p7uB2lVBUAtANuuQp
332,Playboi Carti,Foreign,500l6Cwe40hkPqS7Sf7ufY
333,Bad Bunny,Diles,6C1RD7YQVvt3YQj0CmuTeu
334,Watchhouse,Daylight,11TmWrHkxwtVcCtEdAXjJA
335,Lil Skies,Lust,7oJrVhiTPZGBXWPwhxjy9S
336,$uicideboy$,CLYDE (I Hope at Least One of My Ex-Girlfriends Hears This),59aL2q2UPYJkgLTSv0WTlB
337,Frank Sinatra,Mistletoe And Holly,53cumdNGYE6NFmGL0zHvx7
338,AURORA,Runaway,23rdcrD0Eky4vYn2TZidxJ
339,Taylor Swift,Gorgeous,1ZY1PqizIl78geGM4xWlEA
340,blackbear,idfc,3SErMoIKdRELto2OspGs5L
341,21 Savage,X (feat. Future),6fwdbPMwP1zVStm8FybmkO
342,Yoke Lore,Beige,7uYQELhe7g6QLIzZDOlhbW
343,Eminem,Rap God,6or1bKJiZ06IlK0vFvY75k
344,Green Day,Boulevard of Broken Dreams,5GorCbAP4aL0EJ16frG2hd
345,Taylor Swift,I Did Something Bad,4svZDCRz4cJoneBpjpx8DJ
346,K.Flay,High Enough,1qwno7xb5mJe71xtMS6jl2
347,Taylor Swift,...Ready For It?,2yLa0QULdQr0qAIvVwN6B5
348,Trippie Redd,Love Scars,0AICBlLzFCTpUqmAbtzB2z
349,Billie Eilish,ocean eyes,7hDVYcQq6MxkdJGweuCtl9
350,PnB Rock,Selfish,2xbI8Vmyv3TkpTdywpPyNw
351,$uicideboy$,$Outh $Ide $Uicide,496GZe7MxLloHgUQTmY2Ch
352,Mitski,I Bet on Losing Dogs,2Co0IjcLTSHMtodwD4gzfg
353,Pharrell Williams,"Happy - From ""Despicable Me 2""",60nZcImufyMA1MKQY3dcCH
354,Tyler Childers,Charleston Girl (Live),3R6yNicsZrWF8ybl02imcB
355,Drake,From Time,0GaBIpyHvytM1UBYmqXu08
356,grandson,Blood // Water,7clyJIrLkEbXUDwj1tC9zz
357,"Tyler, The Creator",IFHY (feat. Pharrell),0NjW4SKY3gbfl2orl1p8hr
358,A$AP Rocky,"Everyday (feat. Rod Stewart, Miguel & Mark Ronson)",2N3U8uTYhjX2KwGT0pf5x0
359,The Weeknd,Reminder,37F0uwRSrdzkBiuj0D5UHI
360,The Neighbourhood,Afraid,7brQHA2CgQpcMBiOlfiXYb
361,Home,Resonance,65r94rVdiMwqXyQFEr3tqT
362,The Alchemist,E. Coli (feat. Earl Sweatshirt),3GXSywNvYLAVUCtjMHkKDh
363,Frank Ocean,Godspeed,34xTFwjPQ1dC6uJmleno7x
364,AJR,Burn The House Down,0TkJIyL69RAUIbNwGub6uR
365,Lil Uzi Vert,Top,55Q46o5adtSobImSKrrlqW
366,Kelly Clarkson,Wrapped in Red,5fclVBnzaGrbucvVMC228o
367,Jaymes Young,Infinity,1SOClUWhOi8vHZYMz3GluK
368,Taylor Swift,New Romantics,6rZVy6FIG7lSJQMFXHo12z
369,Clairo,Pretty Girl,0KyAGiNGUytG5JLxJu4F6l
370,Chase Atlantic,Slow Down,5lT5IZWW3JQErXELJpQgJ9
371,Travis Scott,CAN'T SAY,27a1mYSG5tYg7dmEjWBcmL
372,Calum Scott,You Are The Reason,69vToJ9BMbbLlFZo7k7A7B
373,Steve Lacy,Ryd,5Ha9IheRrkDyr7ZdhaRsWb
374,XXXTENTACION,infinity (888) - feat. Joey Bada$$,7J2gyNghNTzl4EsLhXp01Q
375,J. Cole,Deja Vu,6I6NX6tjGsxFAsIfGzY9lJ
376,Romeo Santos,Eres Mía,6I86RF3odBlcuZA9Vfjzeq
377,Cuco,Lo Que Siento,4CYeId6mLAasOb6o0NCz4Y
378,21 Savage,can't leave without it,0hPLZrnDgtKxrym1BHjDhd
379,Morgan Wallen,If I Know Me,03d8S7FBY2kIzhP0E7l4rn
380,Avicii,Waiting For Love,2P4OICZRVAQcYAV2JReRfj
381,Midland,Drinkin' Problem,1vBpwxsLVwaR4evBIaFmqD
382,Chris Stapleton,Parachute,5jROdl6MhcmP3O7h2sVgtw
383,Bedroom,In My Head,5vwXQUwkpmnkJrfv69L6Mp
384,Juice WRLD,Used To,0WZFN4E8HrmGUU0EMyKQ8c
385,$uicideboy$,Ugly,3qDbBtbRv6eBls6q51pAL7
386,Key Glock,Gang Shit No Lame Shit,6gbiTbclnHlmSIPfmF2zEc
387,Jhené Aiko,While We're Young,4mL59LVbKgOpEACxraGYdr
388,Sam Smith,Like I Can,2TeLIzFBe3hxkPR5FIQZut
389,Richy Mitch & The Coal Miners,Evergreen,6me7F0aaZjwDo6RJ5MrfBD
390,Peachy!,Falling for U,2xhGZ3WzOa3tir28y7Cb88
391,Granular,White Noise - 500 hz,65rkHetZXO6DQmBh3C2YtW
392,A$AP Rocky,L$D,4S7YHmlWwfwArgd8LfSPud
393,Trippie Redd,Dark Knight Dummo,4apiNNK0jp9uqn3JDG9My1
394,Jhené Aiko,The Worst,2wBCrtJS3E3TimRZ5MElTI
395,Ocean Waves For Sleep,Rolling Ocean Waves,11Rm75lU5EmETsTR22C0gT
396,Martin Garrix,In the Name of Love,23L5CiUhw2jV1OIMwthR3S
397,$uicideboy$,"All That Glitters Is Not Gold, But It's Still Damn Beautiful",23A29DEDxMZdwpl0ZRrMOk
398,NAV,Some Way,7zxRMhXxJMQCeDDg0rKAVo
399,Kendrick Lamar,King Kunta,0N3W5peJUQtI4eyR6GJT5O
400,Teyana Taylor,Gonna Love Me,3nXrCAE44KlevAkQB2XWcN
401,Morgan Wallen,Up Down (feat. Florida Georgia Line),3EWMoDIm6lzuR0zQKtuCJX
402,Hailee Steinfeld,"Let Me Go (with Alesso, Florida Georgia Line & watt)",5Gu0PDLN4YJeW75PpBSg9p
403,Charlie Puth,Attention,5cF0dROlMOK5uNZtivgu50
404,Ariana Grande,Winter Things,1jhljxXlHw8K9rezXKrnow
405,Lil Uzi Vert,7AM,4v1P7JCjehbg5TmLQo2mFy
406,Louis Armstrong,"'Zat You, Santa Claus? - Single Version",0SD2UtunDGrX7OIElVr87B
407,Christian Nodal,Adiós Amor,63bmZnBN1CiJ9sA4qTEe8y
408,salvia palth,(dream),39iczvfNkZstM8KY8dNDFC
409,Bad Bunny,La Romana,1khmgu0pveJbkbpbkyvcQv
410,Metro Boomin,Don't Come Out The House (with 21 Savage),2Grb4G6t9VIqo6moKUloom
411,The Neighbourhood,The Beach,2u0CelO5c81XS7z3dGpHbS
412,Juice WRLD,Legends,1Knctxx9vGZxpZfF66BIEa
413,6LACK,PRBLMS,4AtZRwSR8BOTTQg5ihSggt
414,SadBoyProlific,Dead and Cold,33LizV83s7z1gwtmLiKlmv
415,Houndmouth,Sedona,2MQhTbX792AT6YyzwLz9dt
416,Cardi B,Money,2GGMabyHXnJmjY6CXhhB2e
417,Rex Orange County,Sunflower,7h2nmmoWDi2UpfYKLKWLYB
418,Mac DeMarco,Still Beating,4LpUpiYoZ2M3Z1kmhn4EQo
419,Rainbow Kitten Surprise,Cocaine Jesus,0ZAbupc7jAQpG9IxojQ3s3
420,$uicideboy$,Lte,6GB3N6bDucdHThFVDCBcCv
421,Alec Benjamin,If We Have Each Other,7pT6WSg4PCt4mr5ZFyUfsF
422,Bobby Shmurda,Hot N*gga,19gEmPjfqSZT0ulDRfjl0m
423,Cheriimoya,"Living Life, In The Night",2kx5sQgmjYug0GiDh1a4sU
424,Rex Orange County,Television / So Far So Good,27rZYxE4l21wTaovX4WTnI
425,A$AP Rocky,Lord Pretty Flacko Jodye 2 (LPFJ2),1j6kDJttn6wbVyMaM42Nxm
426,Dwayne Johnson,You're Welcome,6U4VqEHy4n5VeiH4pQPL24
427,Tyler Childers,Tattoos,1XcxubL4Y4U4gxLeIbb8VM
428,Luke Combs,Dive - Recorded At Sound Stage Nashville,2VWBdFsDJVGlRTdz4PvYwy
429,SZA,20 Something,4h6ViRoztTBpWcJ1zFT9Zg
430,Frank Sinatra,Jingle Bells,4KV9bM7a1KDc7b7OakFZic
431,Lil Mosey,Noticed,7zLYKWcXnYeHHWidalz7rj
432,NAV,Myself,05nbZ1xxVNwUTcGwLbp7CN
433,girl in red,i wanna be your girlfriend,5PjdC2gMATetx5xdnwGUu7
434,Summer Walker,Session 32,2ktg2oZDyFAX3iY1QNkXl5
435,Cody Johnson,Wild as You,4IZOdhEvXYWqh5XAXYzBk3
436,Ella Fitzgerald,I've Got My Love To Keep Me Warm,1KIJSvzRZzo8ehDTPOXKru
437,blackbear,idfc,6y6jbcPG4Yn3Du4moXaenr
438,ZAYN,I Don’t Wanna Live Forever (Fifty Shades Darker),55n9yjI6qqXh5F2mYvUc2y
439,Romeo Santos,Imitadora,6r46lnXFbE9fr2d3KNaGbe
440,Rihanna,Consideration,6t90Z9XkdsHD8xMxro6KRP
441,J. Cole,Apparently,5O59s7bCgTFsXDXlWecyQ1
442,mike.,These Days,5tsI3xxDHDgzHhn30LTQNz
443,Cavetown,This Is Home,7s8VgA8OjvwBUuigKzEGBx
444,Halsey,Walls Could Talk,5ln5yQdUywVbf8HhFsOcd6
445,Adele,All I Ask,05TOt5Vz4StdjMpEdFPlvB
446,Ghostemane,Mercury: Retrograde,0UKzG4fJ1LXf6DInew5vcV
447,Travis Scott,YOSEMITE,7lAK3oHbfEnvUQWosrMMpR
448,Melanie Martinez,Play Date,4DpNNXFMMxQEKl7r0ykkWA
449,Cardi B,Bodak Yellow,6KBYefIoo7KydImq1uUQlL
450,Travis Scott,ASTROTHUNDER,4MXhiYIRDMGAuvZc5IFTwC
451,Kanye West,Black Skinhead,722tgOgdIbNe3BEyLnejw4
452,Chief Keef,Faneto,7EcE5yCPVZaZut1JqowbcI
453,Chris Stapleton,Millionaire,68JS5SFTnW5Yv9Vzw81Jf0
454,Beach Bunny,Sports,77G0k1La0c5Dw8bAFANcyp
455,One Direction,Steal My Girl,2Bs4jQEGMycglOfWPBqrVG
456,A$AP Rocky,Jukebox Joints (feat. Joe Fox & Kanye West),2gAGWaK4wvt2xrFUlR4mK8
457,KALEO,Way down We Go,0y1QJc3SJVPKJ1OvFmFqe6
458,YNW Melly,Mama Cry,2fSW54bA6x2iWePU7rpCiP
459,Cardi B,Thru Your Phone,74cVJfmK18rhWnscIpGXjt
460,Cody Johnson,Dance Her Home,2g3vpJiqwswGJbUOSkCWqC
461,Tay-K,The Race,3wGXyJGsCf1myH5MooQIqE
462,BONES,Sodium,5oo7lrBwuD4dVfJbBLyVyI
463,Brown Noise for Babies,Brown Noise,3qdGhfS5yIyqXMNtmJov6o
464,Mitski,A Pearl,7fd3aMiuwHWKsTdZafjOfZ
465,Sonder,One Night Only,74fQgHleHZ4V7Gm1XYcGkj
466,Juice WRLD,Candles,1wa6QQsdSE3X2GbRljGpFk
467,Lauren Daigle,Rescue,7r9kOxiNDnkAg5QKqtyjVk
468,Doja Cat,So High,1yvSMyZn27M4wEslpSvB0D
469,Takeoff,Casper,1B4gJRq61xTs6r1O0Uq2iY
470,Current Joys,New Flesh,6HJxxqHWMdidwTVZmZWeHU
471,Keith Urban,Blue Ain't Your Color,6wycnu8FWXsj68ig7BEot9
472,Travis Scott,SKELETONS,6NMtzpDQBTOfJwMzgMX0zl
473,Sam Hunt,Body Like A Back Road,7mldq42yDuxiUNn08nvzHO
474,Koe Wetzel,Something to Talk About,7ptJYMKI7Y1iWdqEZtBMGE
475,Mitski,I Want You,7FHj19QQigvMH1onMYRNLn
476,Vacations,Relax,5TuTHrKzN6NweeQaKkBNb7
477,Eminem,Lucky You (feat. Joyner Lucas),60SdxE8apGAxMiRrpbmLY0
478,Kodak Black,Calling My Spirit,2MShy1GSSgbmGUxADNIao5
479,Melanie Martinez,Training Wheels,3EGW6TGGbdk6Ys1Y3HU3lj
480,The Oh Hellos,"Soldier, Poet, King",3xtiXNDbSKxy20I7D6vFUg
481,Diplo,Wish - Trippie Mix,6IpvkngH89cA3hhPC84Leg
482,$uicideboy$,O Pana!,0cQvicmQo8syJ2Zv8aYDfN
483,Roddy Ricch,Down Below,4SWWe2OYC4mqf40Gc2RSdl
484,ScHoolboy Q,Man Of The Year,5SsR3wtCOafDmZgvIdRhSm
485,Ed Sheeran,Photograph,1HNkqx9Ahdgi1Ixy2xkKkL
486,Billie Eilish,bellyache,51NFxnQvaosfDDutk0tams
487,J. Cole,Crooked Smile (feat. TLC),5gFoAVTN9YlM9uJCrFZtgl
488,Summer Walker,Girls Need Love,644rGY6maSElnKVsAg1gJj
489,Jhené Aiko,Stay Ready (What A Life),5nkUIVKqOqdpB6ApKgEMkv
490,JID,151 Rum,22WV03i2lBbwNVCE1g671p
491,LANCO,Greatest Love Story,2yQZwi1P8AkkxxFhQ8rMEK
492,SZA,Doves In The Wind (feat. Kendrick Lamar),593W4qZOwwdqF6YnimJjL6
493,Slipknot,Custer,3GiJq4AQK7324mfIQbpiTf
494,Harry Styles,Sweet Creature,5kRPPEWFJIMox5qIkQkiz5
495,Twenty One Pilots,Tear in My Heart,3bnVBN67NBEzedqQuWrpP4
496,Los Ángeles Azules,Nunca Es Suficiente,63USmok1OioBzKuWGW9wAg
497,XXXTENTACION,NUMB,01TnVDiet1DFTsyWKUKovl
498,Rihanna,Kiss It Better,0UHB9METy4VCXNgkcGqHqS
499,Cherub,Doses & Mimosas,44CZRkOxv7UItaAUmh8PgN
500,Romeo Santos,Propuesta Indecente,5PycBIeabfvX3n9ILG7Vrv
501,Lindsey Stirling,"You’re A Mean One, Mr. Grinch",6TXAjof8V0Gr4zFoY00zHR
502,Childish Gambino,IV. Sweatpants,3x4I4nRuZp5NdtGvCPw6Ms
503,Jordan Davis,Slow Dance In A Parking Lot,6MBUUSIWCzaXW4q58Ktrv9
504,Them Dirty Roses,Cocaine and Whiskey,74jX68ir4Gjpll6osaaRUK
505,The Paper Kites,Paint,6uHvbKL0Yi37AuvNRmUfMw
506,Jeremih,Planez,08zJpaUQVi9FrKv2e32Bah
507,Paramore,Hard Times,0w5Bdu51Ka25Pf3hojsKHh
508,Vacations,Friends,0jYfN0oxUjdYmAifDBORz9
509,Mac DeMarco,No Other Heart,2aaCNg42RA74s0EmHTBqS7
510,Ed Sheeran,Happier,2RttW7RAu5nOAfq6YFvApB
511,Only The Family,Crazy Story,5i0eJv1DzuyhaYnro4wTKg
512,Lil Baby,"Never Recover (Lil Baby & Gunna, Drake)",6wWaVoUOzLQJHd3bWAUpdZ
513,Takeoff,Last Memory,1fvCggAYrW0VtCljtqv4h2
514,Pentatonix,I'll Be Home For Christmas,5P5rUzjpgTkZeQbr0CVdsZ
515,Gunna,Top Off,0HCnj7pfrvshnocOJUFeit
516,Ariana Grande,The Way,06EL94D0TA27Ik0Ke5usbj
517,Travis Scott,STARGAZING,7wBJfHzpfI3032CSD7CE2m
518,Khalid,Coaster,39KG4kom3enSx4GTThuDGt
519,BONES,RampartRange,3IgjZRkRFAWflrCxRimOoL
520,$uicideboy$,Dead Batteries,00UDmkyejOcUApEqpiB90i
521,beabadoobee,Tired,6F5mZpEEjhsAW8UEqbIpz1
522,Arctic Monkeys,Snap Out Of It,0NdTUS4UiNYCNn5FgVqKQY
523,Billie Eilish,bitches broken hearts,5t3Vk8bRKylx4fjj7qlbib
524,COIN,Talk Too Much,4djIFfof5TpbSGRZUpsTXq
525,Childish Gambino,Sober,6YuFv5d7iGeNnFMu6xphZl
526,Drake,Energy,79XrkTOfV1AqySNjVlygpW
527,Kevin Gates,Thinking with My Dick (feat. Juicy J),1ojBtNRMzjL7ptLPZCzfRz
528,Bad Bunny,Amorfoda,68QcquxCS39cQGTsRrJWIR
529,Current Joys,Kids,3pyyGVqWvRMq43qtJBzxe0
530,Paramore,Still into You,1yjY7rpaAQvKwpdUliHx0d
531,The Plot In You,FEEL NOTHING,4xDwCYhobDehSBGUmd5H6Y
532,Russ,What They Want,3pndPhlQWjuSoXhcIIdBjv
533,Fall Out Boy,Immortals,3Te8uLyit6X3ncNW8Fp3K2
534,Bad Bunny,Soy Peor,1JxhrUWZjuI8AOjDJ1JpMN
535,Gunna,Sold Out Dates (feat. Lil Baby),55WLWX71YkHt2tSucNIf1g
536,Leon Bridges,River,3hhbDnFUb2bicI2df6VurK
537,The 1975,Robbers,06cCziAHtDg6pcsidZHu03
538,Lady Gaga,Always Remember Us This Way,2rbDhOo9Fh61Bbu23T2qCk
539,SZA,The Weekend - Funk Wav Remix,0P6AWOA4LG1XOctzaVu5tt
540,Dominic Fike,3 Nights,1tNJrcVe6gwLEiZCtprs1u
541,$uicideboy$,Harvest Moon,1ejyx2kXWFY6QuYHu7yOyD
542,Matt Mason,E,1XBGTp6OqwYaYhemH3aMKT
543,Anne-Marie,2002,2BgEsaKNfHUdlh97KmvFyo
544,Caamp,Vagabond,2R3I5DiDf8bLz2QjrPmUpk
545,Baby Smoove,Losing My Mind,2JMW1iCKgPnSqbVVhHR6wI
546,Childish Gambino,III. Urn,1wYIv0ySOwjMFWLOtrgtbo
547,Kodak Black,Heart Mind,2OPxM2L3KtuehqY24vTMGs
548,YoungBoy Never Broke Again,Slime Belief,2qGfZAgDe1pV2y5xJAhi6R
549,Paperboy Fabe,Language,4RnvS1tmh1ERhjXX6dxv95
550,Two Feet,I Feel Like I'm Drowning,3aauaXWRgwCMoykMbI0Jq1
551,Tay-K,The Race - Remix,7d19457woBxmPRCq255YqM
552,Steven Universe,Love Like You (feat. Rebecca Sugar) - End Credits,3z9OnsnvM6SFN2dzrSDdVO
553,itssvd,Losing Interest,55XrFge2dEZwYzNl128DwN
554,Meghan Trainor,Better When I'm Dancin',5k5fWendNngd89O8JKoE8L
555,Novo Amor,State Lines,7CoMBpPTwQi2wPT0U0Nr9b
556,Banda Los Recoditos,Mi Último Deseo,01ksPzu3Bw8Lsf9o6xIk8C
557,Kristen Bell,"Do You Want to Build a Snowman? - From ""Frozen""/Soundtrack Version",2yi7HZrBOC4bMUSTcs4VK6
558,"Dream, Ivory",welcome and goodbye,00RLNHc2jkEjUoCUlFgPVT
559,Rag'n'Bone Man,Human,58zsLZPvfflaiIbNWoA22O
560,Anthony Gonzalez,Un Poco Loco,0OFknyqxmSQ42SoKxWVTok
561,Richy Mitch & The Coal Miners,Lake Missoula,4x1dWc1GgAfC04GcTlllax
562,Harry Styles,From the Dining Table,1IF5UcqRO42D12vYwceOY6
563,Kendrick Lamar,ELEMENT.,1EaKU4dMbesXXd3BrLCtYG
564,Luke Combs,Must've Never Met You,6ojicjDYUUoeE1tdSvfFo4
565,Vacations,Home,1TQuqiFxqnVeez9OMq3emB
566,Shoreline Mafia,Nun Major,18pwD0HrweX8oCgIkayRb4
567,21 Savage,My Choppa Hate Niggas,2D2w9943rsnJOGCrI4aMQp
568,Glass Animals,Gooey,1gk3FhAV07q9Jg77UxnVjX
569,DeJ Loaf,Me U & Hennessy (feat. Lil Wayne),4TSDz7xZtxIXeKwiOuCe25
570,M.I.A.,Bad Girls,6nzXkCBOhb2mxctNihOqbb
571,The Weeknd,Sidewalks,4h90qkbnW1Qq6pBhoPvwko
572,Young Dolph,Major (feat. Key Glock),3Yt2ph8Ko0JBANpdawzSF2
573,Leon Bridges,Beyond,1Omt5bfz1tZUCqd26HxbS0
574,The 1975,Love It If We Made It,6WmIyn2fx1PKQ0XDpYj4VR
575,Hippie Sabotage,Devil Eyes,7MiZjKawmXTsTNePyTfPyL
576,Billie Eilish,hostage,1WsEgieHsWWndAzLkmV105
577,JAY-Z,4:44,1gT5TGwbkkkUliNzHRIGi1
578,Paulie Leparik,Middy Titty,3QVe9gr87GYcRXAkVpPVYl
579,Lana Del Rey,Pretty When You Cry,6PnluwP0fjGnpIBsqTdUTq
580,Brett Eldredge,A Holly Jolly Christmas,1GpPsjjd4D1jsteGYpGGIN
581,Jordan Davis,Take It From Me,3dCZm5HrG0jIXAHfNkg2H0
582,Pentatonix,God Rest Ye Merry Gentlemen,02ibK22WhjAVzKBm7da7lm
583,Migos,Narcos,0wbnC9AUenxp613TYaJsGK
584,Marc Anthony,Vivir Mi Vida,3QHMxEOAGD51PDlbFPHLyJ
585,Selena Gomez,Wolves,0tBbt8CrmxbjRP0pueQkyU
586,Yung Gravy,Mr. Clean,5GxnROd93Y7NGt2ci0TwBw
587,Glass Animals,The Other Side Of Paradise,0rRjGruFonCGOt0S5zAJNQ
588,Lil Peep,ghost boy,4AiFSXnVm0Bqecjdn3Brr8
589,TEMPOREX,Numbers,4GuZMzKXJSoWhwHUqRa0fm
590,Young Dolph,100 Shots,3TXy6nchgKeYlVwOKNk9lE
591,Sam Tinnesz,Play with Fire (feat. Yacht Money),7vguMCv8uVuZLiQJ156u3Z
592,Drake,Portland,2bjwRfXMk4uRgOD9IBYl9h
593,Lil Uzi Vert,You Was Right,2ANLarE8yHVsLWW21nj79M
594,Five Finger Death Punch,Jekyll and Hyde,5MjkeHk6I0JA0q13eqtnJP
595,Jack Stauber,Oh Klahoma,6SZwj6cjc8JQbkrr8cbIUn
596,Taylor Swift,Call It What You Want,1GwMQaZz6Au3QLDbjbMdme
597,Ski Mask The Slump God,Foot Fungus,3EikYy40GMSp8l5mDV6IQo
598,Kendrick Lamar,DUCKWORTH.,0y9uTzK9cNKSAEHnpeRG8C
599,The Weeknd,Hurt You,6QdnKD1zwEgyOWtkrdzlOF
600,Hozier,Someone New,2DNXgvkyv35vTWvdgjs7qn
601,Mac Miller,Dang! (feat. Anderson .Paak),5iUQMwxUPdJBFeGkePtM66
602,James Arthur,Can I Be Him,0VhgEqMTNZwYL1ARDLLNCX
603,A Boogie Wit da Hoodie,Love Drugs and Sex,1Gno5IBUHh6vUKp4nxu2Yd
604,The Front Bottoms,Twin Size Mattress,14N3tALR3Mhf7UHpJRKk4L
605,Whiskey Myers,Stone,4rJesaufMl2xD0f2G8Xgnd
606,Alex & Sierra,Little Do You Know,1almCHdsfikRPfVB9VrEdT
607,Griffinilla,Below the Surface,5f1j3h5DBkLpGfb90QGFvR
608,SYML,Where's My Love - Acoustic,0ElpbbncWT9aS7mgoqEHbQ
609,Tyler Childers,Universal Sound,48nZLOpJOINkICPWpUuhaN
610,PLVTINUM,Champagne & Sunshine,77U6kcldLRFl9vCfaw11Sr
611,Hozier,Cherry Wine - Live,1C042FLYy7rP3MfnkOcnha
612,Lorde,Liability,6Kkt27YmFyIFrcX3QXFi2o
613,Novo Amor,Anchor,7qH9Z4dJEN0l9bidizW7fq
614,"Tyler, The Creator","You're A Mean One, Mr. Grinch",5xQskDSiHQeoebxoprn3HL
615,The Weeknd,Pray For Me (with Kendrick Lamar),77UjLW8j5UAGAGVGhR5oUK
616,Cory Asbury,Reckless Love,0rH0mprtecH3grD9HFM5AD
617,Only The Family,No Auto Durk,4VcPtoOpK3oBMDZJ9Ptp9f
618,The Weeknd,Wasted Times,7DKS0rX27cCEPsK0R6tFWS
619,Kid Cudi,Just What I Am,20bJBbPapGQ4bqs0YcA9xY
620,Florida Georgia Line,May We All,498ZVInMGDkmmNVpSWqHiZ
621,Colter Wall,The Devil Wears a Suit and Tie,7hlA8gMMz6jSp91Twsnuv3
622,The 1975,It's Not Living (If It's Not With You),3TgMcrV32NUKjEG2ujn9eh
623,Melanie Martinez,Dollhouse,6wNeKPXF0RDKyvfKfri5hf
624,Taylor Swift,End Game,2x0WlnmfG39ZuDmstl9xfX
625,Colter Wall,Fraulein (feat. Tyler Childers),1zLWKvegCtyjWaVWQFFX5W
626,Rihanna,Sex With Me,7BiELrM90hRxpozaIXbsLw
627,Mac Miller,Hurt Feelings,5p7GiBZNL1afJJDUrOA6C8
628,Watchhouse,Old Ties and Companions,53DVsTZvB16BDP30XmfSef
629,Gorillaz,She's My Collar (feat. Kali Uchis),3lIxtCaROdRDuTnNBDm3n2
630,Jordan Davis,Singles You Up,4LiMQ6G9n84rDUBs9wtwz6
631,Migos,Fight Night,6Xa2q0dapj03CsRzmD0Os5
632,KIDS SEE GHOSTS,Reborn,4RVbK6cV0VqWdpCDcx3hiT
633,$uicideboy$,Mount Sinai,5vyR3lTiw4zz8B4PvnAO4c
634,Drake,Summers Over Interlude,3ppVO2tyWRRznNmONvt7Se
635,Kygo,It Ain’t Me (with Selena Gomez),12GEpg2XOPyqk03JZEZnJs
636,Katy Perry,Dark Horse,5jrdCoLpJSvHHorevXBATy
637,benny blanco,Eastside (with Halsey & Khalid),0d2iYfpKoM0QCKvcLCkBao
638,Nebu Kiniza,Gassed Up,6JjEVlMkfHWMeYavkEYzNO
639,The Weeknd,Try Me,4ppTAJUbNXELZcoUaL90wo
640,Mac Miller,Jet Fuel,2JmFRXaJrkAUD2cs6U20KG
641,Juice WRLD,Scared Of Love,49QVOdWgGagzLrThkIqtK6
642,Halsey,Gasoline,2IO7yf562c1zLzpanal1DT
643,White Noise Meditation,Brown Noise - Loopable with No Fade,67iF3DdebmElASIGoebYt1
644,Pitbull,Fireball (feat. John Ryan),4Y7XAxTANhu3lmnLAzhWJW
645,Juice WRLD,I'm Still,19m3E0nMZobyA93AxMXC32
646,Meek Mill,R.I.C.O. (feat. Drake),0Y0TOsE1q11qgbi7c5WZsG
647,$uicideboy$,Audubon,3UcyaCWLsc0XDhzXHUuH1S
648,Queen Naija,Medicine,4lFfMRH0YH4pW5gczTDbNC
649,Zac Brown Band,Homegrown,2kR18wsL3gvXRXdNE4dCGc
650,Panic! At The Disco,Death of a Bachelor,1BECwm5qkaBwlbfo4kpYx8
651,Taylor Swift,King Of My Heart,7HuBDWi18s4aJM8UFnNheH
652,Plan B,Candy,2ctjDCCg1wHoQSjIJ8p6U4
653,The Weeknd,Tell Your Friends,1mhVXWduD8ReDwusfaHNwU
654,Shakey Graves,Tomorrow,47KDDZgFiX1w6RFOuLXsSn
655,Sabrina Carpenter,Christmas the Whole Year Round,065CI94mu3IZwqPU4BX4Cb
656,Calvin Harris,"Feels (feat. Pharrell Williams, Katy Perry & Big Sean)",5bcTCxgc7xVfSaMV3RuVke
657,Rex Orange County,Loving Is Easy,7ASFZh1D0DPZro7UXUKGmd
658,One Direction,18,3JjnGLK8IxkNLvo8Lb3KOM
659,Jacquees,B.E.D.,1B6TmCvKjC4dopBohVW51x
660,Bad Bunny,Otra Noche en Miami,4vCAzANUWDE24URV6wQ4ra
661,Russ,Cherry Hill,6qcuRcbz8DCLG6nG4or8Uo
662,Trippie Redd,Topanga,5aXgz1oKK8Q9z9xvTmSnrO
663,Hillsong UNITED,Oceans (Where Feet May Fail),5Mw9bXG1dLNhbjofkVS2oR
664,Billie Eilish,ocean eyes,2uIX8YMNjGMD7441kqyyNU
665,Post Malone,92 Explorer,1D2L6MefbXon28PzIk9I3r
666,The Weeknd,"Earned It (Fifty Shades Of Grey) - From The ""Fifty Shades Of Grey"" Soundtrack",2PIvq1pGrUjY007X5y1UpM
667,Mac DeMarco,Another One,63q9LqTK5iiZLy3cTvLMUf
668,Juice WRLD,End Of The Road,24BNgrtp6Fag4M5BQPEgsV
669,PARTYNEXTDOOR,Break from Toronto,5fEB6ZmVkg63GZg9qO86jh
670,Mac Miller,Ladders,39NDBdU5Xkm5pCFGa5kZtI
671,Rihanna,Work,72TFWvU3wUYdUuxejTTIzt
672,XXXTENTACION,Floor 555,6r7ULK6c5CLVvImjTIztl1
673,I DONT KNOW HOW BUT THEY FOUND ME,Choke,37mfTcSlX60JtAvAETytGs
674,Meghan Trainor,"White Christmas - Spotify Singles - Christmas, Recorded at Sound Stage Studios Nashville",71azyw4EJDlGru5Uw6DGzT
675,Calvin Harris,Outside (feat. Ellie Goulding),7MmG8p0F9N3C4AXdK6o6Eb
676,Matt Maltese,As the World Caves In,4JE6agBLHGA5TaF6FlqfBD
677,Cody Jinks,Must Be The Whiskey,6VChAU4QENeLwf3OaHBJxC
678,Hozier,Work Song,5TgEJ62DOzBpGxZ7WRsrqb
679,$uicideboy$,Coma,73hmZZ7HyLgUQj2DaybfBb
680,Drake,Fire & Desire,4BhGTc3Cgay2U1QcTS7vQe
681,Haley Reinhart,Can't Help Falling in Love,6yIHGmQLJxWAUZ1ZkENemN
682,Pentatonix,That's Christmas to Me,2U9kDk5mlHYunC7PvbZ8KX
683,Luke Combs,"Houston, We Got a Problem",6guWjUuNYziyNXgjFo1IpF
684,Oscar Lang,She Likes Another Boy,5W6BA8Wa8JZGKdliH2gkwO
685,Chris Stapleton,Traveller,178OI1A3qjROeFeh8lmNwW
686,Joji,Will He,7wvwXi9Z66dcH5t202vVkN
687,Ne-Yo,She Knows,7seTcUFOhn5caSDbiSfsp0
688,OneRepublic,I Lived,7D49Iig0avHre9RFSUMkd2
689,Shoreline Mafia,"Bands (feat. OhGeesy, Fenix Flexin & Master Kato)",1n8wr8tRHs5jmBxNWXedcn
690,J. Cole,A Tale Of 2 Citiez,52A8OAP8lTQKZCj4Rce92B
691,Labrinth,Jealous,4G92yYrUs0cvY7G41YRI0z
692,SZA,Kill Bill,3OHfY25tqY28d16oZczHc8
693,Drake,Rich Flex,1bDbXMyjaUIooNwFE9wn0N
694,Metro Boomin,Creepin' (with The Weeknd & 21 Savage),2dHHgzDwk4BJdRwy9uXhTO
695,Lil Uzi Vert,Just Wanna Rock,4FyesJzVpA39hbYvcseO2d
696,Taylor Swift,Anti-Hero,0V3wPSX9ygBnCm8psDIegu
697,d4vd,Romantic Homicide,1xK59OXxi2TAAAbmZK0kBL
698,Metro Boomin,Superhero (Heroes & Villains) [with Future & Chris Brown],0vjeOZ3Ft5jvAi9SBFJm1j
699,SZA,Low,2GAhgAjOhEmItWLfgisyOn
700,SZA,Blind,2CSRrnOEELmhpq8iaAi9cd
701,SZA,Kill Bill,1Qrg8KqiBpW07V7PNxwwwL
702,David Guetta,I'm Good (Blue),4uUG5RXrOk84mYEfFvj3cK
703,SZA,Snooze,4iZ4pt7kvcaH6Yo8UoZ4s2
704,Meghan Trainor,Made You Look,0QHEIqNKsMoOY5urbzN48u
705,SZA,Seek & Destroy,6eT2V7nKXyMf47TwPbtgAD
706,Stephen Sanchez,Until I Found You (with Em Beihold) - Em Beihold Version,1Y3LN4zO1Edc2EluIoSPJN
707,Drake,Pussy & Millions (feat. Travis Scott),2KLwPaRDOB87XOYAT2fgxh
708,Beyoncé,CUFF IT,1xzi1Jcr7mEi9K2RfzLOqS
709,Hotel Ugly,Shut up My Moms Calling,3hxIUxnT27p5WcmjGUXNwx
710,Steve Lacy,Bad Habit,4k6Uh1HXdhtusDW5y8Gbvy
711,Chris Brown,Under The Influence,5IgjP7X4th6nMNDh4akUHb
712,Tory Lanez,The Color Violet,3azJifCSqg9fRij2yKIbWz
713,SZA,Shirt,2wSTnntOPRi7aQneobFtU4
714,Taylor Swift,Lavender Haze,5jQI2r1RdgtuT8S3iG8zFC
715,SZA,Used (feat. Don Toliver),1TweDM3JC49LNeelLVg3yX
716,Metro Boomin,Niagara Falls (Foot or 2) [with Travis Scott & 21 Savage],4WuOWVnAqvEQxgSRrspBgt
717,SZA,Special,6RQ5IwG7uADz9LDWliJGjU
718,Drake,Major Distribution,46s57QULU02Voy0Kup6UEb
719,SZA,SOS,5xMw6qCcpd2gBXPGTegC4W
720,Drake,On BS,34tz0eDhGuFErIuW3q4mPX
721,Metro Boomin,Too Many Nights (feat. Don Toliver & with Future),2Hh3ETdQKrmSI3QS0hme7g
722,RAYE,Escapism.,5Z2MiIZ5I3jJvvmeWMLbOQ
723,SZA,Shirt,34ZAzO78a5DAVNrYIGWcPm
724,Omar Apollo,Evergreen (You Didn’t Deserve Me At All),2TktkzfozZifbQhXjT6I33
725,Manuel Turizo,La Bachata,5ww2BF9slyYgNOk37BlC4u
726,Taylor Swift,Midnight Rain,3rWDp9tBPQR9z6U5YyRSK4
727,Joji,Die For You,26hOm7dTtBi0TdpDGl141t
728,SZA,Open Arms (feat. Travis Scott),0xaFw2zDYf1rIJWl2dXiSF
729,SZA,Gone Girl,2Sjx8DWZO5zaTyTAmgo2gY
730,Drake,Spin Bout U,2ZL7WZcjuYKi1KUDtp4kCC
731,SZA,F2F,2e2AXpIiJpet5b4qg85Gh6
732,SZA,Notice Me,4fnNBPN9W6AoOYSQS3FJxT
733,Brent Faiyaz,ALL MINE,3XgGQ1wjo5khvq2UImjyNF
734,Oliver Tree,Miss You,73vIOb4Q7YN6HeJTbscRx5
735,NewJeans,Ditto,3r8RuvgbX9s7ammBn07D3W
736,Rema,Calm Down (with Selena Gomez),0WtM2NBVQNNJLh6scP13H8
737,Freddie Dredd,Limbo,37F7E7BKEw2E4O2L7u0IEp
738,Harry Styles,As It Was,4Dvkj6JhhA12EX05fT7y2e
739,Baby Keem,HONEST,58k32my5lKofeZRtIvBDg9
740,Morgan Wallen,One Thing At A Time,6KGtAlYvgm4W9PoYabFAYE
741,Brent Faiyaz,Clouded,2J6OF7CkpdQGSfm1wdclqn
742,SZA,Smoking on my Ex Pack,4jTs7ny5eSRnKTzxdrFv5I
743,Ñengo Flow,Gato de Noche,54ELExv56KCAB4UP9cOCzC
744,Drake,Circo Loco,7GeTsDIc5ykNB6lORO6Cee
745,Steve Lacy,Static,4OmfWzukSVD140NiAIEjem
746,Yeat,Out thë way,6IyoLWzljeR3ldQo4KWHT6
747,Morgan Wallen,Thought You Should Know,6NHpyYvJyQsg2nXXzGYc2R
748,PinkPantheress,Boy's a liar,3NanY0K4okhIQzL33U5Ad8
749,Billie Eilish,TV,3GYlZ7tbxLOxe6ewMNVTkw
750,21 Savage,Glock In My Lap,6pcywuOeGGWeOQzdUyti6k
751,SZA,Conceited,4hTej08FutmriOs7S1hWWy
752,Zach Bryan,Heading South,2Dct3GykKZ58hpWRFfe2Qd
753,GloRilla,Tomorrow 2 (with Cardi B),7KXVIAuw3m2hxZanrpSXS3
754,Mac DeMarco,Heart To Heart,7EAMXbLcL0qXmciM5SwMh2
755,JVKE,golden hour,4yNk9iz9WVJikRFle3XEvn
756,Liana Flores,rises the moon,51Grh1RyUDcMBbpuyUIUHI
757,Sleep Miracle,Brown Sleep Noise,5UBonaClAZVfzxJNn8nnhh
758,Drake,Broke Boys,45pUWUeEWGoSdH6UF162G8
759,SZA,Far,74NI58MQexwZjNu1Gu6GjT
760,Drake,Privileged Rappers,7l2nxyx7IkBX5orhkALg0V
761,Bad Bunny,Neverita,31i56LZnwE6uSu3exoHjtB
762,Jordan Davis,What My World Spins Around,6HBRLaSQ7NB8MNlaqzYen1
763,Taylor Swift,Maroon,3eX0NZfLtGzoLUxPNvRfqm
764,Bizarrap,"Quevedo: Bzrp Music Sessions, Vol. 52",2tTmW7RDtMQtBk7m2rYeSw
765,Metro Boomin,Raindrops (Insane) [with Travis Scott],1pacwLXyRO47ka0v6LTIiY
766,SZA,Too Late,4rAg5bbrdZX00mXXhLvYXj
767,Taylor Swift,Karma,7KokYm8cMIXCsGVmUvKtqf
768,Taylor Swift,Bejeweled,3qoftcUZaUOncvIYjFSPdE
769,Yot Club,YKWIM?,2vWBUC9djv6BtiGlmKiQaH
770,Taylor Swift,"You're On Your Own, Kid",4D7BCuvgdJlYvlX5WlN54t
771,Stephen Sanchez,Until I Found You,0T5iIrXA4p5GsubkhuBIKV
772,Conan Gray,Heather,4xqrdfXkTW4T0RauPLv3WA
773,J Balvin,LA CANCIÓN,0fea68AdmYNygeTGI4RC18
774,Taylor Swift,Snow On The Beach (feat. Lana Del Rey),1wtOxkiel43cVs0Yux5Q4h
775,Tyler Childers,All Your'n,0fCwTrRNfoNk962ati8n2K
776,Surf Curse,Freaks,7EkWXAI1wn8Ii883ecd9xr
777,Baby Keem,ORANGE SODA,5FkoSXiJPKTNyYgALRJFhD
778,Taylor Swift,"Would've, Could've, Should've",0aV5uARAknQgYhBaK944FP
779,Trippie Redd,The Grinch,1W24W6jQegnNh0x5DfBBPT
780,Nate Smith,Whiskey On You,6Tm4Io4ct4w14nB1EUzsY3
781,Metro Boomin,Umbrella (with 21 Savage & Young Nudy),2Yt4SXIgmoaPZHGdRafp4P
782,Polo G,Martin & Gina,1VLtjHwRWOVJiE5Py7JxoQ
783,Kane Brown,Thank God,1brnLTvarI9D1hLP6z2Ar8
784,Arcángel,La Jumpa,5MxFWjuqQIsbNWbMdMdbli
785,Zach Bryan,Sun to Me,1SjsVdSXpwm1kTdYEHoPIT
786,21 Savage,Runnin,5SWnsxjhdcEDc7LJjq9UHk
787,Juice WRLD,Face 2 Face,6L4XGeAdRRC32vVJpp8MdM
788,Juice WRLD,In My Head,2RJAKIw6nIkgZVsAIKhmqz
789,Taylor Swift,The Great War,3UMrglJeju5yWyYIW6o99b
790,Fujii Kaze,Shinunoga E-Wa,0o9zmvc5f3EFApU52PPIyW
791,Lil Nas X,STAR WALKIN' (League of Legends Worlds Anthem),38T0tPVZHcPZyhtOcCP7pF
792,Luke Combs,"Going, Going, Gone",67AdiJcurlf6gocGobfaXs
793,A Boogie Wit da Hoodie,Secrets,2xB46Bj9HZ4cr058yN4Pla
794,ame,raining for hours,3L1JHXiqNOJ57w3n2R3HyU
795,Playboi Carti,Sky,29TPjc8wxfz4XMn21O7VsZ
796,SZA,Good Days,3YJJjQPAbDT7mGpX3WtQ9A
797,Taylor Swift,Anti-Hero,02Zkkf2zMkwRGQjZ7T4p8f
798,"Tyler, The Creator",NEW MAGIC WAND,0fv2KH6hac06J86hBUTcSf
799,Jelly Roll,Son Of A Sinner,25VQoiuyc0HkC5FQTj1a8G
800,Zach Bryan,Oklahoma Smokeshow,0OWhKvvsHptt6vnnNUSM9a
801,Kordhell,Murder In My Mind,6qyS9qBy0mEk3qYaH8mPss
802,Tiësto,10:35,6BePGk3eCan4FqaW2X8Qy3
803,Morgan Wallen,Tennessee Fan,3Ga7Uele3zN57vQ4F0HPTW
804,Baby Keem,family ties (with Kendrick Lamar),3QFInJAm9eyaho5vBzxInN
805,Rihanna,Lift Me Up - From Black Panther: Wakanda Forever - Music From and Inspired By,35ovElsgyAtQwYPYnZJECg
806,$uicideboy$,"...And to Those I Love, Thanks for Sticking Around",30QR0ndUdiiMQMA9g1PGCm
807,HARDY,wait in the truck (feat. Lainey Wilson),7trjNYF5ek7zX4GKSHQZbP
808,Carin Leon,Que Vuelvas,6Um358vY92UBv5DloTRX9L
809,Drake,BackOutsideBoyz,0wshkEEcJUQU33RSRBb5dv
810,AJR,World's Smallest Violin,3jHBgKdLCf46aP3HRI0WYv
811,"Tyler, The Creator",ARE WE STILL FRIENDS?,5TxRUOsGeWeRl3xOML59Ai
812,Sabrina Carpenter,Nonsense,6dgUya35uo964z7GZXM07g
813,Fuerza Regida,Bebe Dame,0mzsLrUNazBaRfYZfjmpSV
814,LE SSERAFIM,ANTIFRAGILE,4fsQ0K37TOXa3hEQfjEic1
815,Taylor Swift,Lavender Haze,4g2c7NoTWAOSYDy44l9nub
816,ThxSoMch,SPIT IN MY FACE!,7yBEKiv1LmO7GM4rOejhcW
817,Metro Boomin,On Time (with John Legend),0YFqKxV9uNu6LUeYkLOKRS
818,Morgan Wallen,Cover Me Up,0mKnuxVkPi5h0kuvZl44VM
819,Taylor Swift,Maroon,199E1RRrVmVTQqBXih5qRC
820,Armani White,BILLIE EILISH.,27ZZdyTSQWI7Cug2d2PkqV
821,The 1975,About You,1fDFHXcykq4iw8Gg7s5hG9
822,King Von,Took Her To The O,7fEoXCZTZFosUFvFQg1BmW
823,Kenshi Yonezu,KICK BACK,3khEEPRyBeOUabbmOPJzAG
824,Taylor Swift,Midnight Rain,6Nl7KyvjkFncGsjB49SxLl
825,Imagine Dragons,Bones,0HqZX76SFLDz2aW8aiqi7G
826,Taylor Swift,"You're On Your Own, Kid",7gVWKBcfIW93YxNBi3ApIE
827,Taylor Swift,Christmas Tree Farm,2mvabkN1i2gLnGAPUVdwek
828,Ivan Cornejo,La Curiosidad,0hnvQLkV7yOjslEzflJSK4
829,"Tyler, The Creator",BEST INTEREST,3jHdKaLCkuNEkWcLVmQPCX
830,Taylor Swift,Karma,5oqDgw5VGBln5dSIOPWyBq
831,Stevie Wonder,What Christmas Means To Me,1V0qqWBbIWt8hlAjxTZedR
832,Rosa Linn,SNAP,76OGwb5RA9h4FxQPT33ekc
833,Noah Kahan,Stick Season,0mflMxspEfB0VbI1kyLiAv
834,"Tyler, The Creator",EARFQUAKE,5hVghJ4KaYES3BFUATCYn0
835,SZA,Forgiveless (feat. Ol' Dirty Bastard),5IcP1PPnleZ2kuwKDyfNC5
836,Lil Baby,California Breeze,6ug9fUi5oLLgQgOF1G8WkM
837,Fuerza Regida,Billete Grande (En Vivo),3XfUFGzbr0LmwFVoLXd9cO
838,Taylor Swift,Bejeweled,0jvo9CjnbR0lYUDTSNTMiu
839,Bad Bunny,La Corriente,1797zYiX4cKosMH836X9Gt
840,Central Cee,LET GO,3zkyus0njMCL6phZmNNEeN
841,Kendrick Lamar,N95,0fX4oNGBWO3dSGUZcVdVV2
842,Metro Boomin,Around Me (feat. Don Toliver),221qmpQeBNV87sUjQeUTVH
843,Olivia Rodrigo,favorite crime,5JCoSi02qi3jJeHdZXMmR8
844,Metro Boomin,Trance (with Travis Scott & Young Thug),5wG3HvLhF6Y5KTGlK0IW3J
845,Diplo,Heartless (feat. Morgan Wallen),3FU6urUVsgXa6RBuV2PdRk
846,Ivan Cornejo,J.,4lUsBLTAiufWocWtg4H0my
847,Lil Durk,Mad Max,2i2qDe3dnTl6maUE31FO7c
848,Drake,Hours In Silence,0sSRLXxknVTQDStgU1NqpY
849,Nardo Wick,Dah Dah DahDah,2TSfStvlAMLw89u3tali79
850,Lil Yachty,Poland,74loibzxXRL875X20kenvk
851,The Weeknd,Heartless,6bnF93Rx87YqUBLSgjiMU8
852,Darlene Love,Christmas (Baby Please Come Home),47ohYW8e7dxCYn9qbUMBCI
853,Yeat,Monëy so big,7BbaIYAdi3pg4MGl6PHwPv
854,New West,Those Eyes,2GThBgzZoZfz0lx1JjBwfe
855,Bad Bunny,Tarot,41oY4WCTj5kccfesTVFnvN
856,Taylor Swift,Bigger Than The Whole Sky,0BiqmkasE5FdrChwKfVp8X
857,Morgan Wallen,Days That End In Why,4tn5fOYDtxFldIMVOVcKkc
858,Øneheart,snowfall,4xF4ZBGPZKxECeDFrqSAG4
859,Taylor Swift,cardigan,4R2kfaDFhslZEMJqAFNpdd
860,Taylor Swift,Lover,1dGr1c8CrMLDpV6mPbImSI
861,KAROL G,CAIRO,6WbAhuwE6fCOriBu5786X1
862,Jonas Brothers,Like It's Christmas,1OjmlSFuzYflWjSMTCyTJv
863,INTERWORLD,METAMORPHOSIS,2ksyzVfU0WJoBpu8otr4pz
864,Shakira,Monotonía,6G12ZafqofSq7YtrMqUm76
865,NewJeans,Hype Boy,0a4MMyCrzT0En247IhqZbD
866,Grupo Marca Registrada,El Rescate,4w273WCBXwM4P3jTX5HkB2
867,Taylor Swift,Question...?,6C7OF1Jal7YkyjzyUG8vkK
868,Drake,More M’s,29YW2xXlo6Pc6M0SBTCXYN
869,Justin Bieber,Ghost,6I3mqTwhRpn34SLVafSH7G
870,Luke Combs,The Kind of Love We Make,28n8z9IQKyjMPxmvYMBqZa
871,RAYE,Escapism. - Sped Up,4rPJSqrov3zqGwXlemLBMw
872,Quavo,HOTEL LOBBY (Unc & Phew),0QNNd0qMCDbraS1nQPg3aA
873,Quavo,To The Bone (feat. YoungBoy Never Broke Again),4wRJHXHDJnKSPr9IVn0BFR
874,Drake,Fair Trade (with Travis Scott),40iJIUlhi6renaREYGeIDS
875,Eslabon Armado,Jugaste y Sufrí,3NqBxTOMCJ3zW9CIP51td4
876,Gesaffelstein,Lost in the Fire (feat. The Weeknd),2vXKRlJBXyOcvZYTdNeckS
877,The Rare Occasions,Notion,0sTlGEld0h8kIPZaKDYUf4
878,Drake,Jumbotron Shit Poppin,2ZlABhxMMa43COmZ97kKsJ
879,Taylor Swift,All Too Well (10 Minute Version) (Taylor's Version) (From The Vault),5enxwA8aAbwZbf5qCHORXi
880,21 Savage,Rich Nigga Shit (feat. Young Thug),3ruoIF2UnoXdzK8mR61ebq
881,Taylor Swift,Snow On The Beach (feat. Lana Del Rey),6ADDIJxxqzM9LMpm78yzQG
882,Baby Keem,16,1Is8hGpkGMiePASAxBluxM
883,Jung Kook,Dreamers [Music from the FIFA World Cup Qatar 2022 Official Soundtrack],1RDvyOk4WtPCtoqciJwVn8
884,Taylor Swift,Mastermind,56hioFjQ0DXrdn04hZcFgG
885,Metro Boomin,Feel The Fiyaaaah (with A$AP Rocky & feat. Takeoff),3SsJ17EnPIu1B4GZshqjIS
886,Metro Boomin,I Can't Save You (Interlude) [with Future & feat. Don Toliver],2N9LEu6Pf8nDcp3GjWJT1Z
887,Cochise,Tell Em,7nc7mlSdWYeFom84zZ8Wr8
888,JVKE,this is what falling in love feels like,2PWTZV5znjLtZC5T1EVJvL
889,Megan Moroney,Tennessee Orange,3fl4zil6HJ0N1FL3YIRwdC
890,$uicideboy$,Matte Black,0hPRWztAIbNkt6GcFcLiqF
891,$uicideboy$,1000 Blunts,09riz9pAPJyYYDVynE5xxY
892,Steve Lacy,Infrunami,0f8eRy9A0n6zXpKSHSCAEp
893,Yung Gravy,Betty (Get Money),4cacyP5c3PMlfnyjpg13xW
894,Drake,Chicago Freestyle (feat. Giveon),4wVOKKEHUJxHCFFNUWDn0B
895,Taylor Swift,High Infidelity,5kiZGSxgqPdv6rbqL9THdd
896,Aaron May,Let Go,1NCWXbUyF88ee30OMAe7dO
897,Parker McCollum,Handle On You,6Qpfsw8OS5HW5XxgmXYLWS
898,Harry Styles,Matilda,6uvh0In7u1Xn4HgxOfAn8O
899,Taylor Swift,Vigilante Shit,5yeuXkukVGuix3vmLu2BPJ
900,Juice WRLD,Let Me Know (I Wonder Why Freestyle),3wwo0bJvDSorOpNfzEkfXx
901,Zach Bryan,The Good I'll Do,53zCCom4uEoIBaOAEJtjUL
902,Isabel LaRosa,i'm yours,37vVp2sWHuuIBOSl1NswP6
903,Taylor Swift,august,3hUxzQpSfdDqwM3ZTFQY0K
904,Quality Control,Baby (Lil Baby feat. DaBaby),5MPPttjfGap2C6j6eKcO6J
905,The Weeknd,After Hours,2p8IUWQDrpjuFltbdgLOag
906,Corey Kent,Wild as Her,4RG7P0CXQ4pe0OeCAHjX5L
907,Hotel Ugly,Shut up My Moms Calling - (Sped Up),31mzt4ZV8C0f52pIz1NSwd
908,Yeat,Flawlëss (feat. Lil Uzi Vert),1a019wP7IdYLexwbmfZPm3
909,Noah Kahan,Stick Season,0GNVXNz7Jkicfk2mp5OyG5
910,Kelly Clarkson,"Santa, Can’t You Hear Me",2O3MQ6H3gjrIWDcpeTrikT
911,The Weeknd,Is There Someone Else?,0mL82sxCRjrs3br407IdJh
912,JID,Surround Sound (feat. 21 Savage & Baby Tate),1udwFobQ1JoOdWPQrp2b6u
913,Glass Animals,Heat Waves,3USxtqRwSYz57Ewm6wWRMp
914,Marshmello,Numb,10xV5l9nhLvFpR8mqzs0bL
915,La Adictiva,JGL,5kpxVMDvYGRmNqawPqDTYR
916,Morgan Wallen,7 Summers,4obHzpwGrjoTuZh2DItEMZ
917,King Von,"Crazy Story, Pt. 3",23TwR29GSeJBfXnXhmDlwR
918,Harry Styles,Satellite,0rzaRSujxA0bKyjJl6vHYq
919,Taylor Swift,Question...?,0heeNYlwOGuUSe7TgUD27B
920,Grupo Frontera,No Se Va - En Vivo,23Lyy7ZXRvzfgH4JtDkKrX
921,Naturelle,Falling Asleep,5N8KsYJ8IEMQVw33JvytW8
922,PinkPantheress,Pain,4S4QJfBGGrC8jRIjJHf1Ka
923,Bad Omens,Just Pretend,1H4Y9uW4N0LsxJUz0VnaPJ
924,Bailey Zimmerman,Where It Ends,7lNezbnIXBbgNmFOa9dt1c
925,Kendrick Lamar,Rich Spirit,1QPreu0BNOrUfEb8HTd2qG
926,Mareux,The Perfect Girl,5RBOcBpJXaNnHCGViJmYhh
927,The Weeknd,Out of Time,2SLwbpExuoBDZBpjfefCtV
928,Kendrick Lamar,Die Hard,2g6tReTlM2Akp41g0HaeXN
929,Lainey Wilson,Heart Like A Truck,5ZCjp56T8J6d7amJyFSzrI
930,J. Cole,m y . l i f e (with 21 Savage & Morray),1D3z6HTiQsNmZxjl7F7eoG
931,Peso Pluma,Siempre Pendientes,5PfFHceiEv61KldMOuVrv8
932,Juice WRLD,Cigarettes,1CfuBY3BDdKpooQ9L5zgUc
933,Harry Styles,Music For a Sushi Restaurant,5LYMamLv12UPbemOaTPyeV
934,Ghost,Mary On A Cross,2HZLXBOnaSRhXStMLrq9fD
935,Taylor Swift,Wildest Dreams (Taylor's Version),1Ov37jtRQ2YNAe8HzfczkL
936,Rauw Alejandro,LOKERA,33cF8aTmGJ6TsEf23uqGIN
937,Taylor Swift,Mastermind,7FmYn9e7KHMXcxqGSj9LjH
938,Marshmello,Bye Bye,6XO8RlYuJCiI0v3IA48FeJ
939,Baby Keem,family ties (with Kendrick Lamar),7Bpx2vsWfQFBACRz4h3IqH
940,Tainy,Lo Siento BB:/ (with Bad Bunny & Julieta Venegas),4gzsuuZypVbxs0Af1LSZyB
941,Elley Duhé,MIDDLE OF THE NIGHT,58HvfVOeJY7lUuCqF0m3ly
942,Morgan Wallen,This Bar,075qcpR3BnxD5CWUIx1HTr
943,Taylor Swift,Labyrinth,43q586vP8gGkYypKoSddhl
944,Noah Cyrus,July,6J2LdBN97cDWn0MLxYh9HB
945,beabadoobee,the perfect pair,41P6Tnd8KIHqON0QIydx6a
946,Sonder,What You Heard,3a3dQOO19moXPeTt2PomoT
947,Coyote Theory,This Side of Paradise,79EkGysjP2dL5GdpeQjRxT
948,Pharrell Williams,Cash In Cash Out,3S68RFe1lsdCdTMPIMJM3X
949,Lil Durk,Hanging With Wolves,1a7tOEheXeaSNathZW4Gzk
950,Dua Lipa,Levitating (feat. DaBaby),5nujrmhLynf4yMoMtj8AQF
951,Central Cee,Doja,3LtpKP5abr2qqjunvjlX5i
952,Saint Levant,Very Few Friends,2L0PRavRIQIjVcZK4Qgfgi
953,Lil Baby,Real Spill,4OkFBMU18NidtaefaTjUq1
954,Bad Bunny,Un Ratito,5CzixCxDkRXX9mScCmah8O
955,jagger finn,Vas,6S7o12almFeL57rbRvdY5l
956,Junior H,Los Botones Azules,3ZGkdrigbWXLgHungXfZkt
957,H.E.R.,Could've Been (feat. Bryson Tiller),6oEVnWKgPqIEPc53OYDNqG
958,Arcángel,La Jumpa,2mnXxnrX5vCGolNkaFvVeM
959,Metro Boomin,All The Money (with Gunna) [Bonus],4a1fh9vJMMoRjNrBmEWoM0
960,Lil Baby,Not Finished,2A0G0bPmlkUXUbvWqrAXzg
961,MUPP,vendetta!,5Sk39LuvdwuvL84jD01Dum
962,Olivia Rodrigo,"jealousy, jealousy",0MMyJUC3WNnFS1lit5pTjk
963,Vierre Cloud,moment,5K9tfeoiztw94dyWzF39jq
964,Taylor Swift,Glitch,6wAFvJPpTZVirBKGZ4EnMW
965,Eslabon Armado,HASTA LA MUERTE,3qAJAUr7yc9bPDx4ESt6ND
966,Joji,Glimpse of Us,4ewazQLXFTDC8XvCbhvtXs
967,The Kid LAROI,STAY (with Justin Bieber),5PjdY0CKGZdEuoNab3yDmX
968,TWISTED,WORTH NOTHING - Fast & Furious: Drift Tape/Phonk Vol 1,5Zlb01Jcn0Ld49zazzZJSB
969,Ivan Cornejo,Está Dañada,6G2xXQRSZlEzYsUEb3uvuR
970,Clairo,Bubble Gum,3zksbXteOCeSusJ5Xltr3t
971,Doja Cat,Ain't Shit,5lAnYvAIkSDNXqfo7DyFUm
972,Connor Price,Spinnin,5OzgCc3gQsqchX95k1C1Qa
973,Conner Smith,Take It Slow,3CC2sCo30DhwOwGI4NN30I
974,Kylie Morgan,If He Wanted To He Would,3nei8eHEdiwwSfyoOCHPZI
975,Strawberry Guy,Mrs Magic,0TZejo18HlJ86OrWNsXKnw
976,Taylor Swift,Paper Rings,4y5bvROuBDPr5fuwXbIBZR
977,Post Malone,Sunflower - Spider-Man: Into the Spider-Verse,0RiRZpuVRbi7oqRdSMwhQY
978,Zach Bryan,Condemned,6WuVLG5DRHKKuJ6deCw28p
979,Drake,Treacherous Twins,4Flfb4fGscN9kXPOduQLrv
980,Lil Durk,3 Headed Goat (feat. Lil Baby & Polo G),6Tguhaf2uAe6OjRLsR2Tql
981,Jordan Davis,Next Thing You Know,2lNTHWu2I5Tcz9ukWsV5Jj
982,Charlie Puth,Left and Right (Feat. Jung Kook of BTS),0mBP9X2gPCuapvpZ7TGDk3
983,Moneybagg Yo,Quickie,3084aAzars6DR26nCWO9Ep
984,Cafuné,Tek It - Sped Up,0MnTkIEP4zZN1IUSu8MvIz
985,Summer Walker,No Love (with SZA),08SB2OtZkaliju77WYEKxk
986,Universe Collectors,Mind Calming Noise,6IEpMvQOYDtEyVE5ZOP9UA
987,SZA,I Hate U,5dXWFMwD7I7zXsInONVl0H
988,Harry Styles,Keep Driving,2NcQic8JxdjAlAHuNbOIRE
989,Ozuna,Hey Mor,1zsPaEkglFvxjAhrM8yhpr
990,Brent Faiyaz,Been Away,5PvVkf1Yuq3XyMqqjPiKPd
991,Carly Pearce,What He Didn't Do,5OLaVCAM2pqg7X9mAM2W8M
992,Polo G,Pop Out (feat. Lil Tjay),6uFn47ACjqYkc0jADwEdj1
993,"Tyler, The Creator","GONE, GONE / THANK YOU",1hz7SRTGUNAtIQ46qiNv2p
994,Playboi Carti,Vamp Anthem,4CzhtKifG867Lu5DNQVBSA
995,The Backseat Lovers,Kilby Girl,1170VohRSx6GwE6QDCHPPH
996,A Boogie Wit da Hoodie,Water (Drowning Pt. 2) [feat. Kodak Black],6yDPFrHZLQbQa9Itd2J4Gp
997,Peezy,2 Million Up,5JS1gz9zP4GTy0LZYvSeUK
998,Dean Lewis,How Do I Say Goodbye,5hnGrTBaEsdukpDF6aZg8a
999,Pharrell Williams,Down In Atlanta,5unjCay0kUjuej5ebn4nS4
1000,Cafuné,Tek It,751srcHf5tUqcEa9pRCQwP
1001,Polo G,21,3JKgcAa7r07ocVWcV8bS0H
1002,Farruko,Pepas,5fwSHlTEWpluwOM0Sxnh5k
1003,ThxSoMch,SPIT IN MY FACE!,1N8TTK1Uoy7UvQNUazfUt5
1004,Drake,Sticky,4rmVZajAF7PkrCagGPHbqa
1005,Imagine Dragons,Bones,54ipXppHLA8U4yqpOFTUhr
1006,J. Cole,p r i d e . i s . t h e . d e v i l (with Lil Baby),5W8jRrZ6tWrTrqnKRtIQBf
1007,Olivia Rodrigo,happier,2tGvwE8GcFKwNdAXMnlbfl
1008,Labrinth,Mount Everest,1ZdhOMWyFR8Iv9eylMGYg2
1009,Drake,Trust Issues,4Wjhj0WjkyECccfHVIgaTq
1010,Playboi Carti,ILoveUIHateU,1BpKJw4RZxaFB88NE5uxXf
1011,Bad Bunny,Un Coco,6VrQTLzzuyGIYjUDe4kAZk
1012,Cody Johnson,Human,5AihIu9yF3flkw1jFMyfwW
1013,Taylor Swift,Sweet Nothing,0wavGRldH0AWyu2zvTz8zb
1014,"Tyler, The Creator",WUSYANAME (feat. Youngboy Never Broke Again & Ty Dolla $ign),5B0kgjHULYJhAQkK5XsMoC
1015,Mac Miller,Love Lost,0N9C80kcgL0xXGduKnYKWi
1016,Taylor Swift,Dear Reader,3QF5RsWzK1lCvf2o2cY65P
1017,Jax,Victoria's Secret,4svaKoxMMP7ImmKrD5hfQu
1018,Taylor Swift,Labyrinth,0A1JLUlkZkp2EFrosoNQi0
1019,Drake,Middle of the Ocean,410TZrK18uRjtsTunG14cl
1020,Ivan Cornejo,Está Dañado,0ciLo7Ntd7Gfc0rQRTgkSG
1021,Eden Muñoz,Chale,74WROFXsox6wkeUrEK2DS6
1022,Frank Ocean,In My Room,4S4Mfvv03M1cHgIOJcbUCL
1023,Pecos & the Rooftops,This Damn Song,7s9bJQK8sr8yDyOAHn8miR
1024,Gunna,P power (feat. Drake),0lEjxUUlKqjqXrVlIHFduD
1025,Grupo Marca Registrada,Si Fuera Fácil,7Jph6HJbfURt4Fea19IED3
1026,Lil Peep,nuts,11k8KTbNeG9iabeNXMuwf0
1027,Rauw Alejandro,PUNTO 40,2TDyyEBasw10wu5Uh94bR1
1028,NLE Choppa,Capo,1vux5TJpXtc7tbjA1YODpp
1029,IVE,After LIKE,2gYj9lubBorOPIVWsTXugG
1030,Ski Mask The Slump God,OOGA BOOGA!,4gKWtJGlhxKKSyV65llt2G
1031,Clairo,Sofia,7B3z0ySL9Rr0XvZEAjWZzM
1032,BLACKPINK,Shut Down,0ARKW62l9uWIDYMZTUmJHF
1033,Rosa Walton,I Really Want to Stay at Your House,7mykoq6R3BArsSpNDjFQTm
1034,Eyedress,Romantic Lover,7s5VQqrjBtrBgZL4pEa46S
1035,YoungBoy Never Broke Again,Put It On Me,2FWeNvUo79OeiHWoR1bUsO
1036,Mariah the Scientist,Spread Thin,4MbzauKV2ydtZZjLsPcuTF
1037,Don Toliver,After Party,527k23H0A4Q0UJN3vGs0Da
1038,Ozzy Osbourne,Crazy Train,7ACxUo21jtTHzy7ZEV56vU
1039,Hailey Whitters,Everything She Ain’t,3zAOcNGOFq5Q1OsN0tcxA0
1040,Zach Bryan,Heavy Eyes,2gJj6WtAxXjApMs3PXsCeX
1041,Coi Leray,Players,6UN73IYd0hZxLi8wFPMQij
1042,Juice WRLD,Empty,3T06rGO2dVEntMvym0vpQu
1043,(G)I-DLE,Nxde,6NnCWIWV740gP7DQ8kqdIE
1044,Xavier Wulf,First Light,7AUHZBFJ5c7fiLhl0I9r5S
1045,Harry Styles,Little Freak,3i058E8uxTsYqJ5NWZzqSj
1046,Kxllswxtch,WASTE,4NgherJDfCXWBZBYheM4jK
1047,Reneé Rapp,Too Well,6Szgu8v7CAapag3XuuJX0b
1048,Bad Bunny,Otro Atardecer,0E0DRHf5PfMeor0ZCwB3oT
1049,Rauw Alejandro,LOKERA,79HZAZNnOE97rb2hnI0XQr
1050,Morgan Wallen,Don't Think Jesus,1TUuhV75FeOF6UObRsABo2
1051,Wallows,Are You Bored Yet? (feat. Clairo),57RA3JGafJm5zRtKJiKPIm
1052,Don Toliver,No Idea,7AzlLxHn24DxjgQX73F9fU
1053,Bad Bunny,La Santa,69vlMrzHwATKzupwNcUPyK
1054,Billie Eilish,i love you,6CcJMwBtXByIz4zQLzFkKc
1055,$uicideboy$,I Dream of Chrome,3QQXpvZd9qmzHZ02wDf2im
1056,Labrinth,Formula,6EtKlIQmGPB9SX8UjDJG5s
1057,Brent Faiyaz,Rehab (Winter In Paris),0zWbYGQq5O1KQd0iqzgjP6
1058,Suki Waterhouse,Good Looking,0j3mqDTK4Z6lvrLzFCUUz6
1059,Kanye West,True Love,06JvOZ39sK8D8SqiqfaxDU
1060,YoungBoy Never Broke Again,Make No Sense,6klLvorLoo1sxvZcjJIY8I
1061,Juice WRLD,Conversations,4K06PO78fW4mnBVenxGNob
1062,Olivia Rodrigo,brutal,6SRsiMl7w1USE4mFqrOhHC
1063,Lil Tjay,F.N,0RLLvYBopDwooCyvnTwgYu
1064,Lauren Spencer Smith,Flowers,6Z165JvPnS8PYvGW8oLGLc
1065,The Weeknd,Nothing Is Lost (You Give Me Strength),1DzJbVkBELu6jDu6q0T0tk
1066,HARDY,GIVE HEAVEN SOME HELL,2bVeUlOC5JjTpkQXuUUoYm
1067,Drake,Yebba’s Heartbreak,1PDP7mLiAMwhfmgIwzhOm2
1068,$uicideboy$,"My Swisher Sweet, But My Sig Sauer",4QlbH3QGLr13WeLUywH9DA
1069,charlieonnafriday,Enough,4vuVzf7BIZhDAFm3TB0Tzy
1070,Lana Del Rey,Did you know that there's a tunnel under Ocean Blvd,5U1OEoEW4xnalSAToamwZL
1071,Steve Lacy,N Side,12ILYlOEfWL8ei0BEgFJn0
1072,Luis R Conriquez,El Gavilán,4ygQ5wSuzzNRevVjup1qV2
1073,The Ronettes,Sleigh Ride,7fUYUcWy853HS8YJn0b3Sr
1074,Aventura,Volví,2vmfvSoZBFAt9hhRoEByLi
1075,Dxrk ダーク,RAVE,01kfSdF9zfcDLri5sSWEoL
1076,The Weeknd,Save Your Tears (with Ariana Grande) (Remix),37BZB0z9T8Xu7U3e65qxFy
1077,Carin Leon,No Es Por Acá,3bvJftZKZe5QKz433NczyV
1078,Nicki Minaj,Super Freaky Girl,2yjlYDiNiQkdxVqTlaSrlX
1079,Grupo Marca Registrada,Puro Campeón,1kNC7b4zXbqoceKpkGdnD8
1080,Drake,Girls Want Girls (with Lil Baby),37Nqx7iavZpotJSDXZWbJ3
1081,Alessia Cara,Make It To Christmas,6RS6rcjnWrdfVuu2U2W2dj
1082,Sir Chloe,Michelle,6XrTwqp0vMc2Z3m4ttoyRe
1083,Lil Tjay,Run It Up (feat. Offset & Moneybagg Yo),1dg3qy5DjoJodawfOCgrTP
1084,Three Peels,White Noise Waterfall,5WkRINJDHP7zdAo45F1bJb
1085,Morgan Wallen,865,0sKEilrw1GrBlG6qsTCrP4
1086,ROSALÍA,DESPECHÁ,5ildQOEKmJuWGl2vRkFdYc
1087,Tyler Childers,Way of the Triune God - Hallelujah Version,2BJy4svtrGACqRB5BFLOK6
1088,Summer Walker,Playing Games (with Bryson Tiller) - Extended Version,2xyx0o4xNOLLjBSbOOdcbA
1089,Lil Baby,Never Hating (feat. Young Thug),1Py8c3dkLF0YczcAyBFBEM
1090,Jhayco,En La De Ella,5NxhMcHSVY3Z7ykWxZf3aj
1091,Tiësto,The Motto,18asYwWugKjjsihZ0YvRxO
1092,BTS,Run BTS,69xohKu8C1fsflYAiSNbwM
1093,Eyedress,Something About You,6RiiSy9GzSwiyDEJDiMuKe
1094,A$AP Ferg,"Dreams, Fairytales, Fantasies (feat. Brent Faiyaz & Salaam Remi)",5oady7OSE7dH7LHiqmb3Cr
1095,Kodak Black,Super Gremlin,1Y5Jvi3eLi4Chwqch9GMem
1096,Taylor Swift,champagne problems,0sY6ZUTh4yoctD8VIXz339
1097,Pop Smoke,Element,57BGVV6wcyhbn3hsjlqEZB
1098,$uicideboy$,Champagne Face,1UsvO5U72YRU8Xnq8Lp14O
1099,DVRST,Close Eyes,3CLSHJv5aUROAN2vfOyCOh
1100,Lana Del Rey,Doin' Time,0Oqc0kKFsQ6MhFOLBNZIGX
1101,Conan Gray,Maniac,6KfoDhO4XUWSbnyKjNp9c4
1102,Rex Orange County,Pluto Projector,4EWBhKf1fOFnyMtUzACXEc
1103,JIN,The Astronaut,0h7QMc9ZRzA9QJrbEHytn2
1104,Ivan Cornejo,La Última Vez - Deluxe,1XX3sKKZN3DfWeFpMAc2WX
1105,Mitchell Tenpenny,We Got History,6Awl7JBDQjfm7xkS3LkhDi
1106,Yahritza Y Su Esencia,Inseparables,57GWBz1UtT6iei1jrbkovI
1107,Kendrick Lamar,Silent Hill,3lzUeaCbcCDB5IXYfqWRlF
1108,Elton John,Hold Me Closer,72yP0DUlWPyH8P7IoxskwN
1109,Benson Boone,In The Stars,1ei3hzQmrgealgRKFxIcWn
1110,Maroon 5,Memories,4cktbXiXOapiLBMprHFErI
1111,"Tyler, The Creator",SWEET / I THOUGHT YOU WANTED TO DANCE (feat. Brent Faiyaz & Fana Hues),3EG9FJ0ToLfgnc1IG2Z1wz
1112,Montell Fish,Fall in Love with You.,4kJT7Yj6Za01KfKHjb7mZE
1113,Julia Michaels,What A Time (feat. Niall Horan),5WtfUKzXircvW8l5aaVZWT
1114,Lil Tecca,LOT OF ME,2ZXxRC6V6AXzMdbLQZMHSB
1115,Metro Boomin,Lock On Me (with Travis Scott & Future),0OoNzMdPSgbkM5MkcuEZfm
1116,Fuerza Regida,Me Acostumbre A Lo Bueno,1hHnCReCPe1FUkGLTeuCaC
1117,Gunna,Banking On Me,7Fege3yv4dvehB3NdRBGwI
1118,Harry Styles,Love Of My Life,1mw0RgNXIpYRyyCdBQbLgA
1119,IShowSpeed,World Cup,22TFAU0e7WHAQFGzwneu1e
1120,Polo G,Chosen 1,40QrLHWdsxyXLAdjJG4Rxs
1121,Roddy Ricch,Twin (feat. Lil Durk),5B40Td13cDQ4adeAiLf8Z4
1122,Jack Harlow,Dua Lipa,0LnS7aOdOdI1dNKZqdOLz4
1123,Josh Abbott Band,Settle Me Down,3CYpmhtAu6DCAwfkYB2mQ9
1124,Cian Ducrot,I'll Be Waiting,3fqBhOtYA62A5D20j8OaQY
1125,Eem Triplin,AWKWARD FREESTYLE,2ISyz9DRGEMrJN77ge3hi2
1126,Bad Bunny,Si Veo a Tu Mamá,41wtwzCZkXwpnakmwJ239F
1127,Tory Lanez,Broke In A Minute,4xqIYGwwZTEem9U8A42SPF
1128,Lizzo,About Damn Time,6HMtHNpW6YPi1hrw9tgF8P
1129,Bad Bunny,Yo No Soy Celoso,5kVZxyMY1gfdCLiChsfjn1
1130,Ken Carson,Yale,0HTIrbUwwFn984RzVZm5Fk
1131,Giveon,Like I Want You,6qBFSepqLCuh5tehehc1bd
1132,Bakar,Hell N Back,3NRql0A1Ef4RCvT473iqgD
1133,Los Gemelos De Sinaloa,No Le Aflojo,7ifMxHITc3NIipJO4R5NGb
1134,Baby Keem,trademark usa,15hJmqqEtASVXl6sM7i4UF
1135,Jhayco,CÓMO SE SIENTE - Remix,2tFwfmceQa1Y6nRPhYbEtC
1136,Harry Styles,Grapejuice,4j6kId9QIqhoXvqHKgSKa0
1137,Billie Eilish,Happier Than Ever - Edit,32BeYxKPrig1LefHsC0Xuo
1138,Sabrina Carpenter,A Nonsense Christmas,7yogx3TwxGwSxO2QITsT2q
1139,Isabel LaRosa,i'm yours sped up,4sFGNz4MYpGoz53ZGCwsiE
1140,Chelsea Cutler,Men On The Moon,164LL9rTyEZ6DF0KMgXxsJ
1141,Connor Price,Violet,3zb9k8UUuKz5tYmKJvNqQA
1142,Harry Styles,Golden,45S5WTQEGOB1VHr1Q4FuPl
1143,21 Savage,Immortal,4IO8X9W69dIQe0EC5ALXhq
1144,Tame Impala,Borderline,5hM5arv9KDbCHS0k9uqwjr
1145,Bad Bunny,Andrea,44XjoNvtwevktFKjvVe1vH
1146,Gwen Stefani,You Make It Feel Like Christmas (with Blake Shelton),3SjaE7SExrVnRZi45KXT3O
1147,Junior H,Vamos Para Arriba,7cZoAjj5vufdREBJZGW2lH
1148,Chris Lane,Dancin' In The Moonlight (feat. Lauren Alaina),0pnKcAh5binHOP9HexWwnZ
1149,Yeat,Sorry Bout That,4VHkjPgAis9JNfc1URn7zZ
1150,Ivan Cornejo,Tatuajes - Deluxe,2b4YJ0j60w3YPIFot0oodu
1151,The Strokes,The Adults Are Talking,5ruzrDWcT0vuJIOMW7gMnW
1152,Nas,"One Mic, One Gun",7CpXFEjLntpr4GdOhTtFEv
1153,Lil Nas X,INDUSTRY BABY (feat. Jack Harlow),5Z9KJZvQzH6PFmb8SNkxuk
1154,Ava Max,Christmas Without You,1QLZKzC2pjP4ySf4ALrNhm
1155,Atlus,You're a Fucking Bitch Hope You Know That Shit,06q3sUgkq2k7uhdsi1fczX
1156,Doja Cat,Kiss Me More (feat. SZA),748mdHapucXQri7IAO8yFK
1157,Yeat,Talk,0ypjMI7vHiDP4sLB1C0Qna
1158,DaBaby,ROCKSTAR (feat. Roddy Ricch),7ytR5pFWmSjzHJIeQkgog4
1159,Conan Gray,Family Line,0iNZGC211wst3VjtobNnC5
1160,$hyfromdatre,6000 Degrees (AH HA),5no1uAP51SFQzZqITUxsfG
1161,Taylor Swift,The Way I Loved You (Taylor’s Version),22bPsP2jCgbLUvh82U0Z3M
1162,21 Savage,Mr. Right Now (feat. Drake),4Q34FP1AT7GEl9oLgNtiWj
1163,Brett Young,You Didn’t,5Jwcv2Le3Klwgrgyqa12ZA
1164,Dayglow,Can I Call You Tonight?,61OJxhoY3Ix50rYVKo8zRK
1165,Destroy Lonely,NOSTYLIST,42tD9J0KCPFSc1d2hFTvAf
1166,Lewis Capaldi,Pointless,4JBiO7wRnE6ueszEUpo347
1167,Riovaz,Prom Night,7KhJdiu4zbPlhlImRLIyDl
1168,Glass Animals,Heat Waves,6CDzDgIUqeDY5g8ujExx2f
1169,Zach Bryan,November Air,0u9NVrPqUINrHIFCuPOnYm
1170,Natanael Cano,AMG,1lRtH4FszTrwwlK5gTSbXO
1171,1nonly,Stay With Me,2WYs5LxOZfEyURXu7V0O1a
1172,Bad Bunny,El Apagón,0UvZcEfpzVyx47QsRbjyBz
1173,Shakira,Te Felicito,2rurDawMfoKP4uHyb2kJBt
1174,Måneskin,THE LONELIEST,1Ame8XTX6QHY0l0ahqUhgv
1175,Baby Keem,lost souls (with Brent Faiyaz),02rdXe0KhMe8p6ZHzYtuw0
1176,Taylor Swift,exile (feat. Bon Iver),4pvb0WLRcMtbPGmtejJJ6y
1177,$uicideboy$,BUCKHEAD,5dol1hrERJOReznLRJ2VVQ
1178,Hozier,Would That I,37zuIvk4KBkAxxLJsxJaHq
1179,Fuerza Regida,911 - En Vivo,1O0IFR3MYqgQbziKTCf0X4
1180,Elle King,Drunk (And I Don't Wanna Go Home),0QULNNd9z5s35entfiiXoa
1181,TWICE,Talk that Talk,0RDqNCRBGrSegk16Avfzuq
1182,XXXTENTACION,Riot,4aOOExMBUyxKnEYb39SrTg
1183,Juice WRLD,Already Dead,1hB3M3POeKMLxcEFEvPeqU
1184,Juice WRLD,Stay High,21CkzgKCBCq5V4XKjiGSIj
1185,Polo G,Flex (feat. Juice WRLD),2QqJTIlGKRLJC3onkavYEz
1186,Drake,Champagne Poetry,2HSmyk2qMN8WQjuGhaQgCk
1187,Los Gemelos De Sinaloa,Andamos Mejor,3K56RPWS4q200IwHiIZcUD
1188,Lizzo,2 Be Loved (Am I Ready),2rmwqU7yzTvzkiaRV53DpT
1189,Zach Bryan,From Austin,6k07Z7rd9og1FvRJD2n9E8
1190,Selena Gomez,My Mind & Me,0XER3HPMx223xWaAgNKp4Y
1191,Maddie & Tae,Every Night Every Morning,4qbibbQ1yK0rPl0JUJS0bz
1192,Stephen Sanchez,Until I Found You,6VhuP99TE6gYNQRJIlAWFD
1193,Nardo Wick,Me or Sum (feat. Future & Lil Baby),2HHLfzE7PkljuqyYU4vwmh
1194,Ozuna,Hey Mor,6Rpbzk2LC8xWZI93RyodAq
1195,Dreamville,Under The Sun (with J. Cole & Lute feat. DaBaby),6MF4tRr5lU8qok8IKaFOBE
1196,Lizzy McAlpine,ceilings,2L9N0zZnd37dwF0clgxMGI
1197,Beach Bunny,Cloud 9,6vFsBXYczYsP0H3lgunZOm
1198,Alec Benjamin,Devil Doesn’t Bargain,1zu2GKHPJIsUu80SUJX4H4
1199,Jason Aldean,That's What Tequila Does,6kCFt2ATuMIE5H9zVEJXei
1200,Noah Kahan,Northern Attitude,4O2rRsoSPb5aN7N3tG6Y3v
1201,Bad Bunny,Un Verano Sin Ti,18HOjcvTVV7W8YzBuOsAPS
1202,Lil Tjay,Headshot (feat. Polo G & Fivio Foreign),4eNOLmx8r2IJAVKvBBL1jv
1203,Lee Brice,Soul,3vCUelLOtiuNF78p9LNWZF
1204,Conan Gray,People Watching,3TFoEJe5zNuHZStRboWPxg
1205,G Herbo,PTSD,1C8ux1YWLMHCenYJFiIV4Z
1206,Ice Spice,Munch (Feelin’ U),1jOgJN75btuUONIdf57vHz
1207,Kodak Black,Love & War,293mQGfVwgXIOdA1GpiwAt
1208,Juice WRLD,Righteous,5dOxHHMOFAbG3VH23t0xNm
1209,Dustin Lynch,Thinking 'Bout You (feat. MacKenzie Porter),4wBjKhJx6JnGoNJfJs24pd
1210,Joji,Feeling Like The End,1abwytAhbWeHrbsA9eODOy
1211,Noah Kahan,All My Love,7ByxizhA4GgEf7Sxomxhze
1212,Playboi Carti,New Tank,4txKMpsSfZRV6durPuHVq0
1213,Faye Webster,Kingston,5WbfFTuIldjL9x7W6y5l7R
1214,$uicideboy$,Sorry for the Delay,49YpGS0rVcRLtiDvx5JQyp
1215,Fuerza Regida,Ch y la Pizza,1ySH55O0zbQBR77q8wQEyn
1216,Kendrick Lamar,Count Me Out,6BU1RZexmvJcBjgagVVt3M
1217,Grupo Firme,Calidad,0uBcoM4zxRXk7kmsmxoiFS
1218,Harry Styles,Daydreaming,69w5X6uTrOaWM32IetSzvO
1219,Hitkidd,F.N.F. (Let's Go),1vrFJDrysqmsNAgyjBzx4f
1220,Leah Kate,10 Things I Hate About You,6Jkm5kUldvIqxzI1Pa7nXH
1221,Olivia Rodrigo,"1 step forward, 3 steps back",4wcBRRpIfesgcyUtis7PEg
1222,XXXTENTACION,bad vibes forever,03eJ2DclFWXYU8GWgANdmZ
1223,NLE Choppa,Slut Me Out,5BmB3OaQyYXCqRyN8iR2Yi
1224,Drake,I Guess It’s Fuck Me,31bsuKDOzFGzBAoXxtnAJm
1225,Zach Bryan,Snow,6K4336phprB3Mj8qwYxibR
1226,The Neighbourhood,Pretty Boy,7IL8PSVwLOJxqYne6azxQv
1227,The Weeknd,Less Than Zero,2D4dV2KXDTszzJ3p3cFqhA
1228,Lil Baby,Forever (feat. Fridayy),1T4k0sw0HldDg004Kw4Oct
1229,YoungBoy Never Broke Again,Nevada,2cEnKRR4dYBB2VA1mjlb1z
1230,NewJeans,Cookie,2DwUdMJ5uxv20EhAildreg
1231,Stevie Wonder,Someday At Christmas,2X5noCM9Klrm4zXfyyPdRN
1232,Pentatonix,Kid On Christmas (feat. Meghan Trainor),5glU2EWqa5hpYqGPboSNjV
1233,Rod Wave,Alone,5ie5OPdaP9fivYaKcjwKF1
1234,Bad Bunny,TE MUDASTE,5RubKOuDoPn5Kj5TLVxSxY
1235,Ivan Cornejo,Ya Te Perdí - Deluxe,4Nvm7kFymlxLeF5Qd69nuB
1236,Stephen Dawes,Teenage Dream,3Y2MvObZdPakD1X71KOxCD
1237,Montell Fish,Hotel,0JzG1wJuB4v9UPkSE7LMXi
1238,Stray Kids,CASE 143,3O8G8eVrhfXTGttyQ1xVuq
1239,Steve Lacy,Bad Habit - Sped Up,4i7HqWsN7iJzsXpsW5h1nb
1240,Bad Bunny,Dos Mil 16,4d4ZXH4dr5bYfgErHiZCX2
1241,hemlocke springs,girlfriend,0Dl965SLJGi9bB0SrvtPRx
1242,HARDY,TRUCK BED,73NzYbpaYvQ7JfpjztFESL
1243,Kanye West,Praise God,0WSEq9Ko4kFPt8yo3ICd6T
1244,Drake,What’s Next,3aQem4jVGdhtg116TmJnHz
1245,Dan + Shay,Take Me Home For Christmas,72HP2M4jjw4t0AIGdEVGEF
1246,Beyoncé,ALIEN SUPERSTAR,1Hohk6AufHZOrrhMXZppax
1247,Lewis Capaldi,Bruises,4Of7rzpRpV1mWRbhp5rAqG
1248,Falling In Reverse,Popular Monster,4GssB27iJeqmfGxS94Tfij
1249,Morgan Wallen,Bandaid On A Bullet Hole,1RvoRAL612adAVrPUoAMHR
1250,Scotty McCreery,It Matters To Her,4aSRUXfKuBbmje0eXNukuL
1251,$uicideboy$,Center Core Never More,67IECOggWzBnCERhbOlTRp
1252,Juice WRLD,Sometimes,3i6sCTU7ENlnHpHvrHUitW
1253,OneRepublic,Sunshine,5r43qanLhUCdBj8HN3fa6B
1254,Lost Frequencies,Where Are You Now,3uUuGVFu1V7jTQL60S1r8z
1255,BoyWithUke,Sick of U (with Oliver Tree),5IXdkgrT4lb9sKIb8tbOQ3
1256,ROSALÍA,DESPECHÁ RMX,4CD623yLJVvKJxUyzaTqtC
1257,Bad Bunny,DÁKITI,4MzXwWMhyBbmu6hOcLVD49
1258,A Boogie Wit da Hoodie,Me and My Guitar,6cZH4rX1KTt1aJ3Ql6Ynja
1259,Don Toliver,Do It Right,4ZevD501qZiFK7FY8DFn0V
1260,Yeat,Poppin,3wn8nOygkHLUQ9dlXM1rKW
1261,Charlie Puth,Light Switch,1jEBSDN5vYViJQr78W7jr2
1262,Lil Durk,Broadway Girls (feat. Morgan Wallen),7qTaDOcld0VmBWXnkbUj45
1263,Cris Mj,Una Noche en Medellín,1O2pcBJGej0pmH2Y9XZMs6
1264,Morgan Wallen,Somebody’s Problem,42lqBjPYlmL1EXpMDXvhSN
1265,Lil Tecca,Love Me,4e0FYxSROat25pH16zMTZI
1266,Pop Smoke,Got It On Me,25zlnOAzbVoOzIeXSvQFf1
1267,Rod Wave,Street Runner,5iMRhOHzze2CujxHiJ6cRL
1268,Drake,Time Flies,5H4mXWKcicuLKDn4Jy0sK7
1269,Lil Tecca,Our Time,2WxUIiq06XXPYWl9YcRJnD
1270,Young Dolph,Get Away,65nmqAEqW7CJIkXOIkxyg8
1271,Adele,Easy On Me,46IZ0fSY2mpAiktS3KOqds
1272,Billie Eilish,The 30th,5SHpuW2qjkQtFRpE6P9Nks
1273,Lil Tjay,Give You What You Want,6PQK1Y3Dl6dym9pj0y9Chy
1274,$NOT,GOSHA,0j8ppsOOawdPCJnSTcXgOy
1275,Dan + Shay,You,2xPV95cfbyusygMTxpa3SW
1276,Ashley Cooke,Never Til Now (feat. Brett Young),4232gJU5ljjFmKaPh0cKds
1277,Taylor Swift,right where you left me - bonus track,3zwMVvkBe2qIKDObWgXw4N
1278,dkj,Aces,4pV6Kx1T9L49PBFwH1g8ca
1279,Bee Gees,Stayin Alive,5ubvP9oKmxLUVq506fgLhk
1280,Kanye West,Moon,7CC6UbCs4iGsePSzFxYxNn
1281,IVE,LOVE DIVE,0Q5VnK2DYzRyfqQRJuUtvi
1282,Elton John,Cold Heart - PNAU Remix,7rglLriMNBPAyuJOMGwi39
1283,Kay Flock,PSA,6T5i0o62ZyfHRRHHihYJ1n
1284,RM,Wild Flower (with youjeen),1AZjCZSGEjlxUufFQwSszF
1285,Rauw Alejandro,Desesperados,6mmPpaltUZK7xjNlBPQQ0p
1286,Tems,Free Mind,2mzM4Y0Rnx2BDZqRnhQ5Q6
1287,Swedish House Mafia,Moth To A Flame (with The Weeknd),0VO8gYVDSwM1Qdd2GsMoYK
1288,Zach Bryan,Letting Someone Go,6Wxx1jXr6EyGdt8RuYFzvj
1289,Juice WRLD,Hate The Other Side (with Marshmello & The Kid Laroi),0ada5XsQGLPUVbmTCkAP49
1290,Kaash Paige,Love Songs - Bonus,6qL5UWxRSQYml9O99ozoLv
1291,The Kid LAROI,Thousand Miles,1r8ZCjfrQxoy2wVaBUbpwg
1292,Cardi B,Hot Shit (feat. Ye & Lil Durk),3uJFmluXzYedoJcvhpC1AW
1293,ERNEST,Flower Shops (feat. Morgan Wallen),2ccuOtUjIyx3tPcsnpeBzJ
1294,Brent Faiyaz,"GRAVITY (FEAT. TYLER, THE CREATOR)",3zakx7RAwdkUQlOoQ7SJRt
1295,Only The Family,Hellcats & Trackhawks,53tv6ZbyeAwfAUwFaxYbfO
1296,Lil Tjay,Beat the Odds,2BJWxD8xKrDv8vneTvTIm9
1297,Reneé Rapp,In The Kitchen,2VFetGqLYq0Pc8ZtRYCaeL
1298,MAVI,"Love, of Money",2XILilAwcXHdGwZLNHteue
1299,Oscar Maydon,Los Collares,46FdwGMcgz6gik4RCpWBAW
1300,CORPSE,HOT DEMON B!TCHES NEAR U ! ! !,7v4pPS4A7NgY7bxFA3Etv3
1301,Grupo Firme,Ya Supérame (En Vivo),6HIIuuUIEzH1meVdGbMXyf
1302,Kendrick Lamar,Father Time (feat. Sampha),28qA8y1sz0FTuSapsCxNOG
1303,Key Glock,Ambition For Cash,4mIHgQ3ofK2RK34UdbqMbe
1304,DJ Khaled,STAYING ALIVE (feat. Drake & Lil Baby),0g2Bbgy7P41pFjMWJuzsf4
1305,Eden Muñoz,Como Quieras Quiero,7MyOq9tWhL9bGHeeG5Iz5p
1306,YoungBoy Never Broke Again,Vette Motors,0HrWshW3SuFJ6nKS9ba9Mh
1307,Zach Bryan,Fifth of May,1wLNEMiUzwvRZz9XHCXhAE
1308,Jaah SLT,Tuff,5nCg0pD9BpWouChvS8eMSO
1309,Imagine Dragons,Enemy (with JID) - from the series Arcane League of Legends,3CIyK1V4JEJkg02E4EJnDl
1310,Lil Tecca,Did It Again,4guBZjUyrGoHsTahO3IHdj
1311,Falling into Pink,Pink Noise for Sleeping,2ex3O9bv4muJcuVI3BQbtj
1312,Chris Jedi,La Llevo Al Cielo (Ft. Ñengo Flow),6DoL1yYIwEW7VZMRaJhoJI
1313,Kelsea Ballerini,IF YOU GO DOWN (I'M GOIN' DOWN TOO),1jX9wlAgVkAl0fCZqkCI73
1314,Olivia Rodrigo,enough for you,2TOzTqQXNmR2zDJXihjZ2e
1315,Cavetown,Juliet,45ROR8UMn60YEVQnDy0uVF
1316,Billie Eilish,listen before i go,0tMSssfxAL2oV8Vri0mFHE
1317,Mac Miller,Blue World,2hwOoMtWPtTSSn6WHV7Vp5
1318,Miranda Lambert,Strange,6BWOWBSalJEp7woRZSyiMb
1319,42 Dugg,4 Da Gang (with Roddy Ricch),1mAey8kEPmDM2icL56kS9d
1320,Germ,AWKWARD CAR DRIVE,3aEDTqPcVXDiuKXaedAZgx
1321,Christian Nodal,Ya No Somos Ni Seremos,0UXlu64mDLvfzR8IXMz06J
1322,Daddy Yankee,X ÚLTIMA VEZ,48AJSd42lXpicsGqcgopof
1323,Polo G,I Know,40j4RoqmLiivqzRObbQ4BF
1324,JVKE,this is what heartbreak feels like,4RxdAzEmkPXTiIU6ULLoXh
1325,Brightlo,Pink Noise for Dreaming,1Tjrhay8eQSfkOcqVh7PiQ
1326,Polo G,Distraction,1oc92BMKYkNxK17C2GtyRM
1327,J Balvin,QUE PRETENDES,25ZAibhr3bdlMCLmubZDVt
1328,Zach Bryan,Revival,2QfX9Pdz3q66fN3kCXl0Js
1329,Bad Bunny,Aguacero,2uflssWlCaJ6CbTMOsUpNI
1330,Jon Pardi,Your Heart Or Mine,7ETjhPaIU4UmHOiimJBZz9
1331,Harry Styles,Cinema,35TyJIMR3xRouUuo2sjS6v
1332,Hailee Steinfeld,Coast (feat. Anderson .Paak),1l4iQsOZ5sOXZPMQLvouaB
1333,Polo G,Go Stupid,4PklAHGXT5ityno3IA8SKd
1334,$uicideboy$,Genesis,2UbMJbQq6G0TJnmnubgolV
1335,Tate McRae,uh oh,6qmvAJSUfVGMubvI2awW7p
1336,Muni Long,Hrs & Hrs,3ncmoWTwJgx63LwMTyBCXf
1337,Lil Tecca,Ransom (with Juice WRLD) - Remix,2WsuSYJNXGKXVYkHPnq2yp
1338,Bad Bunny,Safaera,2DEZmgHKAvm41k4J3R2E9Y
1339,Adelmar Borrego,"Twinkle, Twinkle, Little Star",147gCksvDRmjG1pO51ZCcf
1340,$uicideboy$,Fucking Your Culture,2gkVweydDn7MmHmqXAlEzk
1341,Junior H,El Hijo Mayor,1RGlfmdvcfatN0ZLOmzanS
1342,Oliver Tree,Miss You - Sped Up Version,4pH8cIlMI9NrTWcDiQbuRe
1343,Key Glock,Mr. Glock,1ipSpQfzBbhPFhYm6tfVIz
1344,Polo G,Through Da Storm,3NqCEpT8xsHdzpiRlM1kpS
1345,$uicideboy$,The Serpent and the Rainbow,2CkpD7gqMXrrpTCJ9TZ0bw
1346,Yeat,Gët Busy,20O48JTG6O46tPAuZbliRA
1347,iamjakehill,By the Sword,3HsFSrIsbO54TFDfG66pZm
1348,Young Dolph,Love For The Streets,7k5lDslyLbcykzUOPGEdKR
1349,Eliza Rose,B.O.T.A. (Baddest Of Them All) - Edit,39JofJHEtg8I4fSyo7Imft
1350,Codiciado,Vamos Aclarando Muchas Cosas - En Vivo,5gZOpqxK3J5b5BSjzG1PkM
1351,Tory Lanez,Lavender Sunflower,1au2UduxcvHfa0fZS3Szci
1352,Dream Supplier,Clean Baby Sleep White Noise (Loopable),0zirWZTcXBBwGsevrsIpvT
1353,Tame Impala,One More Hour,0mO6oS60RST2sWmN2FKknP
1354,ROSALÍA,DESPECHÁ,53tfEupEzQRtVFOeZvk7xq
1355,Lil Uzi Vert,FOR FUN,60PTOzcoFycWBICdumIsFQ
1356,Bad Bunny,LA NOCHE DE ANOCHE,2XIc1pqjXV3Cr2BQUGNBck
1357,Yeat,On tha linë,37nYSBS0MfRCm913QwCCYo
1358,Bad Bunny,Enséñame a Bailar,2NMjggapJcXXM7WccGEBUO
1359,Ed Sheeran,Bad Habits,7AyW1Eeo1JuSh1ReYnZPWp
1360,Kendrick Lamar,United In Grief,5Gt9bxniM1SxN61yRzRhXL
1361,Ryan Mack,Overwhelmed (Ryan Mack Remix),03eyNjBM2mpx28H6kdaufN
1362,Wiz Khalifa,The Thrill,4wqzOaLxiCRy2Et8tRyNSX
1363,SleazyWorld Go,Sleazy Flow (with Lil Baby) - Remix,5cx7vkF8BQ0iOsVpfvZbnz
1364,Megan Thee Stallion,Her,5hHvFrMnwic82WwRLr4WY0
1365,YBN Nahmir,Opp Stoppa,4l8CIibQf8cVk5BcrquSiD
1366,$uicideboy$,Ugliest,2Q9nA56DKKJhj4cHMbHlAS
1367,Carin Leon,La Boda Del Huitlacoche - Live,1Tcm4Qi0lbzXofH11MIzJs
1368,Dove Cameron,Breakfast,6GUiIbJ834FcHewby3PwV0
1369,Trippie Redd,Miss The Rage (feat. Playboi Carti),2BITQ360Knh6qNAOqR7Dyq
1370,Money Man,24 (feat. Lil Baby),0xUvi7wldroBzaZCengPa5
1371,Nature Of Sweden,Slumber Rain,2pUhY7tWx8egpw2qn84iSi
1372,Playboi Carti,Stop Breathing,2lLG56qpLP3UbcLuzMvkWX
1373,Bad Bunny,Agosto,0wihfILRNOwE2156Shezc8
1374,Post Malone,Cooped Up / Return Of The Mack,6Ole34qqbgkZ60IyrcVm7e
1375,Thundercat,Funny Thing,1c5CllrZr45UBhWpIqM332
1376,Lil Uzi Vert,Sanguine Paradise,3XiNC94b4Tq1xwv70sQJGN
1377,Eric Church,Doing Life With Me,57YkkgxAiusJPMtiSG3w3c
1378,HIXTAPE,"Turn You Down (HARDY feat. Morgan Wallen, Zakk Wylde)",3X0773BLlMv6RMq0wkZZAk
1379,PinkPantheress,Break it off - Bonus,78ul3D77noQsYjSwvwiPU1
1380,The Weeknd,Sacrifice,1nH2PkJL1XoUq8oE6tBZoU
1381,Future,Drankin N Smokin,0k7wmahjkn389wAZdz19Cv
1382,Lil Mabu,NO SNITCHING (with Dusty Locane),07NgzcfZh94EiueKm5KiT4
1383,Zach Bryan,God Speed,4GeyPGMzh6VwdNcaCufY9f
1384,Gorillaz,New Gold (feat. Tame Impala and Bootie Brown),64dLd6rVqDLtkXFYrEUHIU
1385,Lil Uzi Vert,Myron,56uXDJRCuoS7abX3SkzHKQ
1386,Lil Baby,Heyy,6qzBOV7lg2pnYm1tIvjxo3
1387,Adam Doleac,Don't It Sound Alright,58UvLeYJXtFkbkUP3lU6YK
1388,Juice WRLD,Flaws And Sins,0flSGzqHO12p9fU9kqaHGE
1389,The Kid LAROI,GO (feat. Juice WRLD),2rPHUAeUPbNgTmK18FPTiZ
1390,Kyle Richh,Notti Bop,0IEpFiWXbmfpiiUHPlPkYC
1391,Dierks Bentley,Gold,4iy69rTUn8cAY8Q8q9vfOw
1392,Kordhell,Live Another Day,34lfu3S4fIcKZRNXzbdbo7
1393,Chance Peña,In My Room,3SM7uIYEz3v3BGy9RHp7oU
1394,The Weeknd,Save Your Tears (Remix) (with Ariana Grande) - Bonus Track,1oFAF1hdPOickyHgbuRjyX
1395,Grupo Marca Registrada,Solo Me Dejaste,0OLLsFyVPrjI3iL03lDFXk
1396,Victoria Monét,We Might Even Be Falling In Love (Interlude),4rCuwgRRKaIiHlHDc8Bga6
1397,Feid,Feliz Cumpleaños Ferxxo,2CeKVsFFXG4QzA415QygGb
1398,Jelly Roll,Save Me,1rnYNAJPAb586NhetosdNW
1399,Quevedo,VISTA AL MAR,7iwJOi3hlMqZt6pj1sQOBj
1400,Penelope Scott,Rät,4blPH3Uy89WnOnYlIv7Ev4
1401,Myke Towers,ULALA (OOH LA LA),4EQOGfssbSpTlV6EZRtrSv
1402,Harry Styles,Fine Line,6VzcQuzTNTMFnJ6rBSaLH9
1403,Pop Smoke,Invincible,792HwhrdO3ErRKL5yRe4Ge
1404,Bad Bunny,Yo Perreo Sola,0SqqAgdovOE24BzxIClpjw
1405,tobi lou,2hrs,0dGe86ljF6Xi19IxYc7aBn
1406,BLACKPINK,Typa Girl,0L8LOav65XwLjCLS11gNPD
1407,La Maquinaria Norteña,Eres Ese Algo,6rOy9SIawgruuIWLP5divC
1408,Rod Wave,Sweet Little Lies,0qjoeS8gwEFqf0ju66ledI
1409,Måneskin,I WANNA BE YOUR SLAVE,4pt5fDVTg5GhEvEtlz9dKk
1410,Taylor Swift,You Belong With Me (Taylor’s Version),1qrpoAMXodY6895hGKoUpA
1411,21 Savage,3AM on Glenwood,1MTXYvJ9TSqg9x6WPCDx2n
1412,Gabby Barrett,Pick Me Up,7xNYZeFtrB05pi9tc6lEeb
1413,Doja Cat,Tia Tamera (feat. Rico Nasty),1uNePI826aqh9uC9pgbeHU
1414,Trippie Redd,Miss The Rage (feat. Playboi Carti),5gZYpjakt37G3c58FKcQwJ
1415,Bad Bunny,Callaita,2TH65lNHgvLxCKXM3apjxI
1416,Night Lovell,JOAN OF ARC,1nQwi9UGdNeN1FyzGE7jDt
1417,A Boogie Wit da Hoodie,Last Time (feat. G Herbo),4bgfOF85wLRLtVtDeuwlNH
1418,Keith Urban,Brown Eyes Baby,5JLf54f83nJrxD4IhFaLl7
1419,DJ Khaled,STAYING ALIVE (feat. Drake & Lil Baby),7Ddk8FhoYKdsVoX9AOCPMm
1420,Joji,1AM FREESTYLE,0FqBNLXlTNimxmVRdDMj6b
1421,Sarah Connor,Ring Out The Bells,03qftRowv8aPZnNZbILxUR
1422,Zach Bryan,Something in the Orange - Z&E's Version,7lNmcW2wW6ciV9Rhh8YOMe
1423,Lil Baby,Right On,6ws54n2IzyrIxxyzlG2bVJ
1424,Taylor Swift,the 1,0Jlcvv8IykzHaSmj49uNW8
1425,Tate McRae,that way,7l97ElWmIdVHWUaOeeU5ZC
1426,Lana Del Rey,Cinnamon Girl,2mdEsXPu8ZmkHRRtAdC09e
1427,charlieonnafriday,After Hours,6tYzs9xlEeYznMJpJ0sUkI
1428,Rebzyyx,all I want is you,7lOvJBqH38ZY59eLU7bioq
1429,Poor Mans Poison,Hell's Comin' with Me,0cPvRrV9PBBHVfHoGBlFdO
1430,Nardo Wick,G Nikes (feat. Polo G),7asQMsxC6dNgY0inCzJC5O
1431,NLE Choppa,Walk Em Down (feat. Roddy Ricch),1Z0cZI0UzNbP9L8MzzGxqf
1432,Los Farmerz,Hublot,5qKsIal7JJZ2bqXHPKdyVb
1433,James Hype,Ferrari,4zN21mbAuaD0WqtmaTZZeP
1434,Stephanie Beatriz,The Family Madrigal,4b1yxSdlumA8N4fEk4UOZp
1435,Victor Cibrian,En El Radio Un Cochinero,2NWaWZZLFMcr5P4uI2KvWy
1436,Junior H,Loco Enamorado,0V6NB0qBW7Vvm7RuSoHszG
1437,El Fantasma,Fuera De Servicio,6wTqVQ6RRkqAyT5XDGcRq4
1438,Billie Eilish,you should see me in a crown,3XF5xLJHOQQRbWya6hBp7d
1439,Grupo Los de la O,Mentiras,3jRZg6U0m9Ir115Wt66ebU
1440,Zach Bryan,Let You Down,1HMFdKHDiHY0qmqdVH710d
1441,Juice WRLD,Bandit (with YoungBoy Never Broke Again),1oWM79mUVdZGCGYjSirHZR
1442,Lewis Capaldi,Forget Me,5uSFGgIfHMT3osrAd9n9ym
1443,SoFaygo,Hell Yeah,3QHGfxhjexLaMKGHXagfRs
1444,Becky G,MAMIII,7FlQk2gJ6TBrHHiidvdR2O
1445,$uicideboy$,"My Swisher Sweet, But My Sig Sauer",1xIibyoUvyxwoNqx8quHSz
1446,Don Toliver,Cardigan,0Li1OuXXfi7950ilZUFGkF
1447,NLE Choppa,Camelot,44sYqNBttbXNxya33FJ3Dj
1448,Noah Kahan,Growing Sideways,1JcIXOir94YUYBt2cXTzn2
1449,Tai Verdes,AOK,1sx0XsWUusUoPstbvokZjP
1450,JID,Dance Now (feat. Kenny Mason),2WrldKXSBVbNNm3A9vJryi
1451,Moneybagg Yo,Blow,2g3qKijfeHfDyM7Fmaoi5M
1452,Lenin Ramírez,Se Acabo - En Vivo,0lyZyn18awzOJuVM7qzCmd
1453,Jackson Dean,Don't Come Lookin',1vscizuuPwkwC1cc5N5KQV
1454,Peso Pluma,Por las Noches,2VzCjpKvPB1l1tqLndtAQa
1455,ITZY,Cheshire,7ixVW7RobslvMrvlzHYLha
1456,Jack Harlow,"WHATS POPPIN (feat. DaBaby, Tory Lanez & Lil Wayne) - Remix",2MbdDtCv5LUVjYy9RuGTgC
1457,SYML,Where's My Love,1B62o4CbdL9ckGvwsz2cgn
1458,Ariana Grande,boyfriend (with Social House),0Ryd8975WihbObpp5cPW1t
1459,siouxxie sixxsta,masquerade,0RYHqnmtNRfbYxP6Dn8Vse
1460,Bryson Tiller,Sorrows,5TXQCMKN6TgemTL3c4wRTn
1461,Juice WRLD,Burn,1X8E4vVoOM3BpSQlEDSjjM
1462,SZA,Hit Different,7Bar1kLTmsRmH6FCKKMEyU
1463,Lil Peep,your favorite dress,186bb3vDk1yzNK5u3e7h7O
1464,Post Malone,Motley Crew,40uMIn2zJLAQhNXghRjBed
1465,TiaCorine,FreakyT,4CCrZzRdeWYrWJ0DoN4XCa
1466,Ivan Cornejo,Perro Abandonado,4ixwxIXEFw0Jf5nY0Leipd
1467,DJ Scheme,Blue Bills (feat. $NOT & Fenix Flexin),2ODUTBkiOWoYSUjKpGJxQE
1468,Mac Miller,Good News,1DWZUa5Mzf2BwzpHtgbHPY
1469,HARDY,ONE BEER (feat. Lauren Alaina & Devin Dawson),5Y05LYM8LhnQN78GqfjSeK
1470,SleazyWorld Go,Sleazy Flow,5mt882Eqx22RwFOTE01jS8
1471,Post Malone,Hollywood's Bleeding,7sWRlDoTDX8geTR8zzr2vt
1472,Lenin Ramírez,Solita (En Vivo),6ggHV1SCPqLLV5U2kyW9qD
1473,Lil Tjay,In My Head,1HvTxgCj0mTzQlEo0zLvFb
1474,Maren Morris,I Can't Love You Anymore,4tKtMWS8LZRvWhzuHKRIdr
1475,Foudeqush,Con La Brisa,2LSsSV7V33wM9EKQA2xjGS
1476,Joji,YUKON (INTERLUDE),5IPl8JpkbtSH1mdyq5ctSx
1477,Burna Boy,Alone,0AoBY2Y3qs6dtGgOD6c91N
1478,Mother Mother,Hayloft II,0kYMwaQWABTkFff8AZjmYI
1479,The Backseat Lovers,Pool House,74f0dpqHhTeTJzs4pmZ1yq
1480,Kelly Clarkson,Under The Mistletoe,2K4XbdyLxi9jhqVQeyUKRK
1481,Laufey,Love to Keep Me Warm,3bq7dXN7arTdaq8mmKXxob
